wavelength,response_SCA01,response_SCA02,response_SCA03,response_SCA04,response_SCA05,response_SCA06,response_SCA07,response_SCA08,response_SCA09,response_SCA10,response_SCA11,response_SCA12,response_SCA13,response_SCA14,response_SCA15,response_SCA16,response_SCA17,response_SCA18,response
7490.0,0.0,0.0,0.0,0.0,0.0,0.0,0.0,0.0,0.0,0.0,0.0,0.0,0.0,0.0,0.0,0.0,0.0,0.0,0.0
7500.0,0.0,0.0,0.0,0.0,0.0,0.0,6.631455962162305e-05,2.2104853207207685e-05,6.631455962162305e-05,0.0,0.0,0.0,0.0,0.0,0.0,6.631455962162305e-05,2.2104853207207685e-05,6.631455962162305e-05,1.7192663605605976e-05
7510.0,0.0,0.0,0.0,0.0,0.0,0.0,0.0003315727981081,0.000110524266036,0.0003094679449009,0.0,0.0,0.0,0.0,0.0,0.0,0.0003315727981081,0.000110524266036,0.0003315727981081,8.473527062762222e-05
7520.0,0.0,0.0,0.0,0.0,0.0,4.420970641441537e-05,0.0014147106052612,0.0005084116237657,0.001392605752054,0.0,0.0,0.0,0.0,0.0,4.420970641441537e-05,0.0014147106052612,0.0005305164769729,0.0014147106052612,0.00037578250452250165
7530.0,0.0,0.0,6.631455962162305e-05,2.2104853207207685e-05,4.420970641441537e-05,0.0003094679449009,0.0050620113844505,0.0020999610546847,0.0050399065312433,0.0,0.0,6.631455962162305e-05,4.420970641441537e-05,4.420970641441537e-05,0.0003094679449009,0.0051283259440721,0.0021662756143063,0.0051062210908649,0.0014171667000620722
7540.0,0.0,2.2104853207207685e-05,0.0003978873577297,0.0001547339724504,0.0002652582384864,0.001392605752054,0.0151418244469372,0.0071840772923424,0.0152081390065588,0.0,2.2104853207207685e-05,0.0003757825045225,0.0001989436788648,0.0002431533852792,0.0014810251648829,0.0154070826854237,0.0074493355308289,0.0153628729790093,0.0044614962056547
7550.0,4.420970641441537e-05,8.841941282883074e-05,0.0017683882565766,0.0007736698622522,0.0012378717796036,0.005327269622937,0.0379761378099828,0.0205575134827031,0.0383961300209197,4.420970641441537e-05,8.841941282883074e-05,0.0017020736969549,0.0009947183943243,0.0011936620731892,0.0056146327146307,0.0387055979658206,0.021286973638541,0.0387055979658206,0.011916971973485709
7560.0,0.0002873630916936,0.0005526213301801,0.0064767219897118,0.0031388891554234,0.0047746482927568,0.0165565350521985,0.0803511414081999,0.0492496129456587,0.0816995374538396,0.0002873630916936,0.0005747261833873,0.0062556734576397,0.0039346638708829,0.0046420191735136,0.0174849388869012,0.0820753199583621,0.0509737914958209,0.0822521587840198,0.02730931809010464
7570.0,0.0014147106052612,0.0025199532656216,0.0194743756755499,0.0105661198330452,0.0151860341533516,0.0424855278642531,0.1448088933604175,0.099737097670921,0.1480362019286698,0.0014368154584684,0.0026304775316577,0.0187891252261265,0.0127987100069732,0.0147439370892075,0.0448949568638388,0.1481909359011203,0.1032517693308671,0.1488761863505437,0.05443565711754968
7580.0,0.0056809472742523,0.0093282480534416,0.0483433139641632,0.0291120916738925,0.0397445260665594,0.0905856884431371,0.2252042444750318,0.1725504841354631,0.2314157082262572,0.0058135763934956,0.0097261354111713,0.0466633451204154,0.0343067321775863,0.0385066542869557,0.0957140143872092,0.2309294014556986,0.1786293187674453,0.232454636326996,0.09581717036884285
7590.0,0.0182586087491535,0.0276973810686312,0.0999139364965787,0.0663808741812446,0.0864078711869748,0.1622717273941116,0.3073679838462229,0.2586046776711227,0.3173372726426735,0.0187007058132977,0.0289794625546492,0.0964434745430471,0.0762838484180737,0.0836226596828666,0.1714894511815172,0.3158341426245834,0.2676676674860779,0.3184646201562411,0.15120702031650377
7600.0,0.0475475392487037,0.0667787615389744,0.1739651947407245,0.1265060749048495,0.1577181276334268,0.2481269772509063,0.3760919724674316,0.3418073451430524,0.3898854008687291,0.0486748867622713,0.0699618604008123,0.1679747795215712,0.1421342061223454,0.1524792774233186,0.2622961881567264,0.3872328184838642,0.3537660707281518,0.3909022241162607,0.2168805391951178
7610.0,0.1011518082761823,0.1322091270323091,0.2595551863590326,0.2044698921666711,0.2455628142788701,0.3308875476586918,0.4232637292116127,0.4079008562326034,0.440328675887577,0.103561237275768,0.138685849022021,0.2507132450761496,0.2252705590346535,0.2370966555005096,0.3498756165636832,0.4366813751083878,0.4220921719916307,0.4411244506030365,0.2861350442932994
7620.0,0.1784082702353732,0.2184180545404191,0.3392652870242235,0.2858157519691953,0.3327664601813045,0.3952126704916662,0.4499221821795052,0.4511821588123161,0.469484977267884,0.1826745069043643,0.2294041665844013,0.3277928682096828,0.3098437274054301,0.3209182588622412,0.4180027741482973,0.4651303211860641,0.4668102900298119,0.4699491791852354,0.35061121695652303
7630.0,0.2660098034955372,0.3077658712039526,0.3990368100965131,0.3540976435262599,0.4025735866096663,0.4355540275948202,0.4623451096819559,0.4746796177715778,0.4836541881737042,0.2724423157788347,0.3236813655131421,0.3856854787593596,0.3791866519164406,0.3877854398140444,0.4608198748106586,0.4789237495873616,0.4910372091449115,0.4837647124397402,0.40272463643991563
7640.0,0.344106249876602,0.3805571528152875,0.4350677208242616,0.4002083673164952,0.4475790677395412,0.4560010168114873,0.4669650240022623,0.4853120521642447,0.4895561839800286,0.3525060940953409,0.4007609886466753,0.4206553565331623,0.4249436980553606,0.4306246453296129,0.482571050366551,0.4846710114212357,0.5019570066292721,0.4893351354479565,0.4385209901141877
7650.0,0.3988599712708555,0.4271541833760813,0.4525747645643702,0.4254300048259191,0.4710102121391813,0.4644229658834334,0.468202895781866,0.4894456597139925,0.491832983860371,0.4087408406544773,0.4503421743904422,0.4377203032091266,0.4493916657025322,0.4526852888304061,0.4916340401815061,0.4868814967419564,0.5061348238854343,0.4912803625301908,0.4590969243078969
7660.0,0.4291215153115228,0.4505853277757215,0.4594935836182262,0.4368361090808382,0.4810237106420464,0.4674071210664065,0.4682913151946948,0.4910372091449115,0.4928277022546953,0.4399528933830545,0.4756080216062806,0.444572807703361,0.4601346243612351,0.4618366980581902,0.4949055584561729,0.487898319989488,0.5076821636099389,0.4919656129796143,0.468954460790911
7670.0,0.4426717903275411,0.4601788340676496,0.4621019562966766,0.4416770719332167,0.485024689072551,0.4687776219652533,0.4684018394607309,0.4921424518052719,0.4937782109426052,0.4540999994356675,0.4862846657053619,0.447247494941433,0.4645334901494695,0.4651966357456857,0.4964750030338846,0.4888709335306051,0.5087210917106777,0.4926066537226232,0.4732661352137169
7680.0,0.448198003629343,0.4639366591128749,0.4636935057275956,0.4443959688777033,0.487257279246479,0.4701702277173074,0.4689765656441182,0.4936013721169476,0.495237131254281,0.4600683098016136,0.490771950906425,0.4489495686383881,0.4670092337086767,0.4669208142958479,0.4980665524648036,0.4903298538422809,0.5101358023159389,0.493756106089398,0.47563749474389005
7690.0,0.450541118069307,0.4655724182502082,0.4649534823604065,0.4464075105195592,0.4888930383838124,0.4714744140565327,0.4696397112403345,0.4951045021350377,0.4967181564191639,0.4628314164525145,0.493004541080353,0.4502758598308205,0.4688218316716677,0.4680702666626228,0.4995696824828936,0.491832983860371,0.5115505129212002,0.4949497681625873,0.4772339563644107
7700.0,0.451491626757217,0.4662355638464245,0.4656829425162443,0.4478001162716132,0.4898877567781368,0.4723365033316138,0.4698828646256138,0.496099220529362,0.4977349796666954,0.4642461270577758,0.4941539934471278,0.4511158442526944,0.4699933888916497,0.4686449928460101,0.5005865057304253,0.4928498071079025,0.5124568119026958,0.4956350186120107,0.47815744800951193
7710.0,0.4520000383809827,0.4665450317913254,0.4661471444335957,0.4489053589319737,0.4905951120807673,0.4729333343682084,0.4698828646256138,0.4968286806851999,0.4984644398225333,0.4652408454521001,0.49492766330938,0.4516905704360818,0.4708775830199381,0.4689544607909111,0.5012938610330558,0.4936013721169476,0.5130978526457048,0.4960550108229477,0.47878006804151485
7720.0,0.4524863451515413,0.4669208142958479,0.4666776609105687,0.4500327064455412,0.4913466770898124,0.4735743751112174,0.4699933888916497,0.4975802456942449,0.4992602145379928,0.4663239832592533,0.4957013331716324,0.4522874014726765,0.4717838820014337,0.4693523481486408,0.5020454260421009,0.4943750419791998,0.5137388933887138,0.496519212740299,0.4794444416851315
7730.0,0.4530168616285143,0.4673850162131993,0.4672965968003704,0.4512484733719377,0.4921645566584791,0.4743038352670553,0.4701923325705147,0.4983981252629117,0.5001223038130739,0.4675397501856497,0.4965634224467134,0.4529726519220998,0.4727564955425508,0.4698607597724065,0.5028633056107676,0.495237131254281,0.5144683535445517,0.4970276243640648,0.48018986645717443
7740.0,0.4536136926651088,0.4679597423965867,0.4679818472497939,0.4524863451515413,0.4930487507867674,0.4750775051293076,0.4705018005154155,0.4992823193912,0.5010507076477766,0.4688881462312894,0.4974918262814161,0.4537021120779378,0.4737954236432896,0.4704575908090011,0.503747499739056,0.4961213253825693,0.5152641282600111,0.4976023505474522,0.4810040618836401
7750.0,0.4542768382613251,0.4686449928460101,0.4687776219652533,0.4538126363439738,0.4940434691810917,0.4759395944043886,0.4709438975795597,0.5002549329323172,0.5020675308953082,0.4703912762493796,0.4985086495289477,0.4545199916466044,0.4749006663036499,0.471187050964839,0.5046980084269659,0.4970939389236865,0.516104112681885,0.4982433912904612,0.48191158891253605
7760.0,0.4549841935639558,0.4694407675614696,0.4696839209467489,0.4551610323896134,0.4950823972818305,0.4768679982390914,0.4715186237629472,0.5012717561798486,0.5031727735556686,0.4720491402399201,0.4996138921893081,0.4554041857748927,0.4760501186704247,0.4720049305335057,0.5056927268212902,0.4981328670244251,0.5170325165165878,0.4989286417398846,0.48289402683285626
7770.0,0.4555589197473432,0.4701481228641003,0.470435485955794,0.4563767993160099,0.495988696263326,0.4776637729545508,0.4719607208270913,0.5021117406017226,0.5041232822435785,0.4736406896708391,0.500564400877218,0.4561336459307306,0.4770669419179562,0.4727564955425508,0.5065327112431641,0.4989949562995063,0.5177619766724256,0.4994370533636504,0.4837364673495309
7780.0,0.4558241779858297,0.4706123247814516,0.4709438975795597,0.4573052031507126,0.4966076321531278,0.4781500797251095,0.4721817693591633,0.5026422570786955,0.5047643229865875,0.4750111905696859,0.5012054416202271,0.4565978478480819,0.4777521923673797,0.4732206974599021,0.507063227720137,0.4995475776296865,0.5181819688833625,0.4996359970425153,0.4842915447745119
7790.0,0.4560894362243161,0.4710986315520102,0.4714744140565327,0.4582336069854153,0.4972265680429297,0.4786805962020825,0.4724470275976499,0.5031727735556686,0.5054274685828037,0.4764480060281545,0.5018685872164433,0.4570841546186405,0.4784595476700103,0.4737733187900823,0.5075716393439028,0.5001001989598667,0.5186019610942995,0.4998349407213802,0.4848662709578993
7800.0,0.4566199527012892,0.471938615973884,0.4723143984784065,0.4594272690586045,0.4981549718776324,0.4794763709175418,0.4730659634874516,0.5039906531243352,0.5064000821239208,0.4782384991379382,0.5028412007575604,0.4578357196276856,0.4794542660643347,0.4746354080651634,0.5083895189125696,0.5009401833817406,0.5193314212501374,0.5003212474919387,0.4857430968017853
7810.0,0.4571283643250549,0.4728007052489651,0.4731543829002805,0.4605988262785865,0.4990612708591279,0.4802721456330013,0.4736848993772535,0.504808532693002,0.5073505908118308,0.4800510971009293,0.5037917094454704,0.4585872846367307,0.4804047747522446,0.4755196021934517,0.5091852936280291,0.5017580629504073,0.520038776552768,0.5008075542624973,0.4866113263138684
7820.0,0.4573273080039198,0.4733312217259382,0.4736627945240462,0.4614388107004604,0.4995917873361009,0.4807363475503527,0.4740164721753616,0.5052285249039389,0.5079253169952183,0.4815763319722266,0.5043664356288577,0.4590072768476675,0.4810237106420464,0.4760943283768391,0.509605285838966,0.5022222648677586,0.5203703493508761,0.5009180785285333,0.4871357025538393
7830.0,0.4573052031507126,0.4737070042304606,0.4739943673221544,0.4620577465902623,0.4999012552810017,0.4810016057888392,0.4741491012946048,0.5054495734360109,0.5082789946465335,0.4829026231646591,0.5047201132801731,0.4592283253797397,0.481399493146569,0.4764922157345689,0.5098042295178308,0.5024433133998307,0.5204587687637049,0.50078544940929,0.48744885464094145
7840.0,0.4572388885910909,0.4740827867349832,0.4743259401202625,0.4626324727736497,0.5001886183726955,0.4812226543209113,0.4743259401202625,0.5056043074084614,0.5086105674446416,0.4842510192102988,0.5050516860782812,0.4594272690586045,0.4817531707978842,0.4768901030922986,0.5099589634902812,0.5026422570786955,0.5205250833233266,0.5006528202900469,0.4877435860170375
7850.0,0.4571946788846765,0.474480674092713,0.4746575129183706,0.463207198957037,0.5004538766111819,0.4814658077061906,0.4745027789459201,0.5057811462341191,0.5088979305363354,0.4855994152559384,0.5053390491699749,0.4596262127374694,0.4820847435959924,0.4773100953032355,0.5100915926095245,0.5028190959043533,0.520569293029741,0.5004980863175965,0.48803217715613173
7860.0,0.4571062594718477,0.4749006663036499,0.4749669808632715,0.46373771543401,0.5006749251432541,0.4816647513850554,0.474701722624785,0.5059137753533622,0.5091631887748218,0.4869257064483708,0.5056043074084614,0.459803051563127,0.4824163163941005,0.4777521923673797,0.5102242217287678,0.5029959347300109,0.5206135027361554,0.5003433523451459,0.48830603172642095
7870.0,0.4571062594718477,0.4753869730742084,0.4753648682210012,0.4643345464706046,0.5009622882349478,0.4819521144767491,0.4749890857164787,0.5061127190322272,0.5094726567197227,0.4883404170536322,0.5059137753533622,0.4600683098016136,0.4827699940454159,0.4782827088443527,0.5104010605544255,0.503216983262083,0.5207240270021914,0.5002549329323172,0.48864742890373236
7880.0,0.4572167837378837,0.4760501186704247,0.4759174895511814,0.4650640066264425,0.5013601755926775,0.4823942115408933,0.4754311827806228,0.5064663966835424,0.5099147537838669,0.4898877567781368,0.5063558724175065,0.4604661971593433,0.4832784056691817,0.4789458544405689,0.5107326333525336,0.5035927657666055,0.5209892852406779,0.5003212474919387,0.48913250762689053
7890.0,0.4574599371231631,0.4768458933858842,0.4766027400006049,0.4659039910483163,0.5018906920696505,0.4829689377242807,0.4760501186704247,0.506952703454101,0.5104894799672544,0.4915456207686773,0.5069084937476867,0.460974608783109,0.4839194464121906,0.4797858388624428,0.5112189401230921,0.5041011773903713,0.5214092774516149,0.5005422960240109,0.48975389961149296
7900.0,0.4577915099212712,0.4777521923673797,0.4773764098628572,0.4668102900298119,0.5024654182530379,0.4836099784672897,0.4767353691198481,0.5075053247842812,0.5110863110038489,0.4932919041720466,0.5075053247842812,0.4615935446729109,0.484604696861614,0.4807142426971456,0.5117715614532723,0.5046759035737587,0.5219176890753806,0.5008296591157045,0.4904465183453188
7910.0,0.4580346633065504,0.4785921767892535,0.4780837651654878,0.4676502744516858,0.5029517250235965,0.4841847046506771,0.4773764098628572,0.5079916315548397,0.5115947226276146,0.4949055584561729,0.508013736408047,0.4621240611498838,0.4852236327514159,0.4815763319722266,0.5122357633706237,0.5051843151975245,0.5223376812863176,0.5010728125009838,0.49106299814031995
7920.0,0.4581451875725865,0.479277427238677,0.4786584913488752,0.468313420047902,0.5032390881152902,0.484604696861614,0.477884821486623,0.5083010994997408,0.5119262954257228,0.4963423739146413,0.5083232043529479,0.4625219485076136,0.48566572981556,0.4823057921280645,0.5125231264623173,0.5055158879956326,0.5226029395248041,0.5011612319138126,0.4915173756784681
7930.0,0.4584104458110729,0.4801395165137581,0.4793658466515059,0.4691091947633615,0.5036369754730199,0.4852015278982086,0.478525862229632,0.5087874062702993,0.5123462876366598,0.4978897136391459,0.5087431965638849,0.4630524649845866,0.4862404559989474,0.4831899862563528,0.5129873283796688,0.5060242996193983,0.523022931735741,0.5014264901522992,0.4921166628098635
7940.0,0.4590072768476675,0.4813552834401545,0.4804268796054518,0.4702586471301363,0.5043885404820649,0.4861299317329113,0.4795647903303708,0.5096273906921731,0.5131420623521192,0.4997465213085514,0.5095168664261371,0.4639587639660821,0.4871909646868574,0.4844278580359564,0.5138273128015427,0.5068863888944795,0.5238629161576149,0.5020896357485153,0.493078223924377
7950.0,0.4594493739118117,0.4824163163941005,0.4813110737337401,0.4712312606712535,0.5049190569590379,0.4869036015951637,0.4804047747522446,0.5102905362883894,0.5136946836822994,0.5013822804458847,0.5100473829031101,0.4646661192687127,0.4879425296959024,0.4855109958431096,0.5144683535445517,0.5075716393439028,0.5245039569006239,0.502575942519074,0.49384943769182854
7960.0,0.4593609544989829,0.4829026231646591,0.4816426465318483,0.4716291480289831,0.504808532693002,0.4871025452740285,0.4807142426971456,0.5103568508480111,0.5136062642694706,0.502354893987002,0.5099589634902812,0.4648650629475777,0.4881193685215601,0.4860194074668754,0.5145125632509661,0.5076600587567317,0.5245702714602456,0.5024875231062451,0.49403732894408975
7970.0,0.4598251564163342,0.4839636561186051,0.4825489455133437,0.4725575518636858,0.5052506297571461,0.4878762151362808,0.4815763319722266,0.5110199964442272,0.514070466186822,0.5038359191518847,0.5104231654076327,0.4655945231034155,0.488848828677398,0.4871025452740285,0.515153603993975,0.5083453092061552,0.5252334170564619,0.5030180395832181,0.4947913500479355
7980.0,0.4615493349664964,0.4863509802649835,0.4847594308340645,0.4748122468908211,0.507063227720137,0.4899982810441727,0.4837647124397402,0.5130757477924975,0.5159051690030202,0.5066432355092001,0.5122136585174165,0.4676281695984786,0.4909266848788755,0.4895119742736142,0.5172093553422454,0.5104452702608399,0.5273775878175609,0.5049632666654524,0.4968999074344232
7990.0,0.4626324727736497,0.4880309491087313,0.4862846657053619,0.4763595866153255,0.5080800509676687,0.4914129916494341,0.4852457376046231,0.5144241438381373,0.5169440971037589,0.5086326722978489,0.5132525866181552,0.4689986704973255,0.4922750809245151,0.4912361528237764,0.5185356465346779,0.5117936663064796,0.5287701935696151,0.5062232432982632,0.49828514490207493
8000.0,0.4613061815812171,0.4871688598336501,0.4852457376046231,0.4754090779274157,0.5063779772707137,0.4902635392826593,0.4842068095038844,0.5130536429392905,0.5152199185535967,0.5078590024355966,0.511528408067993,0.4679155326901723,0.4910593139981187,0.4903740635486953,0.5171651456358309,0.5104894799672544,0.5273996926707681,0.504830637546209,0.4970485011698716
8010.0,0.4592504302329468,0.4855109958431096,0.483433139641632,0.4736848993772535,0.5038580240050919,0.4883404170536322,0.4823721066876861,0.5109094721781913,0.5126557555815606,0.5061790335918488,0.5089421402427498,0.466080829873974,0.4890477723562628,0.4887161995581547,0.5149546603151103,0.5083674140593624,0.5252334170564619,0.5027085716383172,0.49501362662740817
8020.000000000001,0.4584988652239017,0.4852015278982086,0.4829689377242807,0.4732870120195237,0.5026643619319028,0.487787795723452,0.4818857999171276,0.5101579071691462,0.5114399886551642,0.5058032510873263,0.5077484781695606,0.4655724182502082,0.4883846267600466,0.488428836466461,0.5141809904528579,0.5076600587567317,0.5245260617538312,0.5020012163356865,0.4943443407941899
8030.000000000001,0.4588967525816315,0.4860857220264969,0.4836983978801186,0.4740385770285688,0.5027085716383172,0.488428836466461,0.482571050366551,0.5106884236461191,0.5114841983615785,0.5065769209495785,0.5077484781695606,0.4662134589932173,0.4889372480902268,0.4893130305947493,0.5147115069298309,0.5082126800869119,0.525144997643633,0.5025538376658667,0.4948895938399676
8040.000000000001,0.459803051563127,0.4875004326317583,0.4849362696597222,0.4752985536613796,0.5032390881152902,0.4896224985396502,0.4837868172929474,0.5117715614532723,0.5120147148385517,0.5078368975823894,0.5082789946465335,0.4673850162131993,0.49002038589738,0.4907498460532178,0.5157725398837769,0.5093400276004795,0.5263607645700294,0.5037032900326416,0.4959678194575192
8050.000000000001,0.4607314553978297,0.4888930383838124,0.4861741414393258,0.4765585302941905,0.5037696045922632,0.4908161606128395,0.4850025842193439,0.5128768041136327,0.5125452313155247,0.5090084548023714,0.5087653014170921,0.4685344685799741,0.4911035237045331,0.4921645566584791,0.5168556776909301,0.5104452702608399,0.5275765314964258,0.5048527423994164,0.49703744874326794
8060.000000000001,0.4613282864344244,0.4899319664845512,0.4870583355676141,0.477464829275686,0.5038801288582992,0.4916340401815061,0.4858425686412178,0.5135841594162633,0.5126336507283534,0.509715810105002,0.508853720829921,0.469374453001848,0.491832983860371,0.4932034847592178,0.5175630329935608,0.511196835269885,0.5284165159182996,0.505670621968083,0.49773252357189457
8070.000000000001,0.4617703834985685,0.4907940557596322,0.4877656908702447,0.4782163942847311,0.5038138142986776,0.4923192906309295,0.4865278190906412,0.5141367807464435,0.5125673361687318,0.5101800120223533,0.5087431965638849,0.4700375985980642,0.4924077100437584,0.4940876788875061,0.5180935494705337,0.5117715614532723,0.5291017663677232,0.5063337675642993,0.4982593559066664
8080.000000000001,0.4623230048287487,0.4917445644475422,0.4885835704389115,0.4790342738533977,0.5038359191518847,0.4930708556399746,0.4873014889528934,0.5147778214894526,0.5125673361687318,0.5106884236461191,0.5087210917106777,0.4708112684603165,0.4930708556399746,0.4950602924286232,0.5187124853603355,0.5124568119026958,0.5298975410831827,0.5071074374265515,0.49887583570166744
8090.000000000001,0.4627208921864785,0.4925182343097944,0.4892025063287132,0.479697419449614,0.5036590803262272,0.4936676866765692,0.4878762151362808,0.5152641282600111,0.5123683924898669,0.5109315770313985,0.5085000431786055,0.4714302043501183,0.4935792672637404,0.4958339622908756,0.519176687277687,0.5129431186732544,0.5305164769729844,0.5077263733163533,0.4993117925288096
8100.000000000001,0.4627429970396857,0.4928719119611097,0.4894235548607854,0.4799626776881004,0.5030622492896325,0.4938445255022269,0.4880530539619385,0.5153083379664255,0.5117494566000652,0.5107105284993264,0.5078590024355966,0.4716512528821904,0.4937118963829836,0.4962097447953981,0.5191987921308941,0.5130315380860831,0.5306933157986421,0.5079253169952183,0.4993338973820167
8110.000000000001,0.4627208921864785,0.4931371701995963,0.4895782888332358,0.4801395165137581,0.5024212085466234,0.4939771546214702,0.4881635782279745,0.5152862331132184,0.5110642061506416,0.5103347459948039,0.5071516471329659,0.471828091707848,0.4937782109426052,0.4964750030338846,0.5191324775712725,0.5130315380860831,0.5308038400646782,0.5080800509676687,0.4992835474386005
8120.000000000001,0.4629419407185505,0.4936676866765692,0.4899761761909655,0.4805816135779023,0.5020233211888938,0.4943308322727854,0.4884951510260827,0.5155293864984976,0.5106663187929119,0.5102021168755606,0.5067095500688218,0.472248083918785,0.4941318885939205,0.4970276243640648,0.5193535261033445,0.5132967963245696,0.5312017274224079,0.5085000431786055,0.49949354354406883
8129.999999999999,0.4631629892506226,0.4941982031535422,0.4903740635486953,0.4810237106420464,0.5016475386843713,0.4947287196305152,0.488848828677398,0.5157725398837769,0.5102684314351822,0.5100031731966957,0.5062895578578849,0.4726680761297219,0.4945076710984431,0.4975360359878306,0.5195745746354166,0.5135620545630561,0.5315996147801376,0.5089421402427498,0.49970599574433816
8139.999999999999,0.4631629892506226,0.4944413565388215,0.4905066926679385,0.4812005494677041,0.5010507076477766,0.4948392438965512,0.4889372480902268,0.5157504350305697,0.5096273906921731,0.5095168664261371,0.5056264122616686,0.4728449149553796,0.4946624050708936,0.497801294226317,0.5195303649290022,0.5135841594162633,0.5317543487525881,0.5091189790684074,0.49966424213272453
8149.999999999999,0.4632293038102443,0.4947508244837224,0.4907056363468034,0.4814437028529834,0.5005201911708036,0.4950160827222088,0.48906987720947,0.5157946447369842,0.509074769361993,0.5090305596555785,0.505029581225074,0.4730880683406589,0.4948834536029656,0.498110762171218,0.5195303649290022,0.513650473975885,0.5319311875782458,0.5093621324536867,0.4996789787015294
8159.999999999999,0.4636492960211812,0.4954360749331458,0.4912803625301908,0.4820626387427852,0.5003875620515604,0.495568704052389,0.4895561839800286,0.5162367418011282,0.5089200353895424,0.5089200353895424,0.5048527423994164,0.4736848993772535,0.4955244943459746,0.4987960126206414,0.5199503571399391,0.5140925710400291,0.5325501234680475,0.5099810683434886,0.5000805502014601
8169.999999999999,0.4642240222045686,0.4962539545018126,0.4920098226860286,0.4828363086050374,0.5004759814643892,0.496298164208227,0.4902193295762448,0.5168556776909301,0.5089863499491641,0.5089421402427498,0.5048969521058307,0.4744585692395057,0.4963644787678485,0.4996359970425153,0.5205250833233266,0.5147336117830381,0.5333237933302999,0.510776843058948,0.5006565044322482
8179.999999999999,0.4647103289751272,0.4969834146576504,0.4926508634290377,0.4835215590544608,0.5004980863175965,0.4969171000980288,0.490771950906425,0.5173419844614886,0.5089863499491641,0.5088316159767137,0.5048527423994164,0.4751438196889292,0.497160253483308,0.5003654571983531,0.5209892852406779,0.515242023406804,0.533986938926516,0.5114620935083715,0.5011342148710037
8189.999999999999,0.4651082163328568,0.4975802456942449,0.4931813799060107,0.4840962852378483,0.5004538766111819,0.4974255117217946,0.4912140479705691,0.5177398718192184,0.5089200353895424,0.5086105674446416,0.5047422181333803,0.4757185458723166,0.4978676087859387,0.500984393088155,0.5213429628919932,0.5156620156177409,0.5345395602566962,0.512058924544966,0.5015136815177275
8200.0,0.4655282085437938,0.4981991815840468,0.4937118963829836,0.4846710114212357,0.5004538766111819,0.4979560281987675,0.4916561450347134,0.5181377591769482,0.5088979305363354,0.5083453092061552,0.5046980084269659,0.476293272055704,0.4986191737949837,0.5016033289779568,0.5216966405433086,0.5160599029754707,0.5350921815868764,0.5126115458751462,0.5019017444962541
8210.0,0.4661250395803884,0.498972851446299,0.4944413565388215,0.4854446812834879,0.5006970299964613,0.4986633835013981,0.4922750809245151,0.5187345902135427,0.5091631887748218,0.5083010994997408,0.5048969521058307,0.4770669419179562,0.4996138921893081,0.5023991036934163,0.5222492618734887,0.5166567340120652,0.5358658514491287,0.5133852157373985,0.5024973474854483
8220.0,0.467031338561884,0.5001223038130739,0.4955023894927675,0.4865720287970556,0.5013601755926775,0.4997244164553441,0.4932255896124251,0.5196850989014526,0.5098042295178308,0.5085884625914344,0.5055158879956326,0.4781721845783166,0.5010064979413622,0.5035485560601911,0.5231555608549843,0.5176293475531824,0.5369710941094891,0.5145125632509661,0.5034515403155594
8230.0,0.4680481618094155,0.5013159658862631,0.4966518418595422,0.4877656908702447,0.5021780551613442,0.5008517639689117,0.4942645177131639,0.5207240270021914,0.5106221090864975,0.5089642450959571,0.5062895578578849,0.4793658466515059,0.5025317328126595,0.5047643229865875,0.5241723841025159,0.5186682756539212,0.5381868610358855,0.5156841204709481,0.5045027488903023
8240.0,0.4688218316716677,0.5022664745741731,0.4975802456942449,0.4887383044113619,0.5027969910511461,0.5017580629504073,0.4950602924286232,0.521519801717651,0.5112631498295066,0.509074769361993,0.5068642840412723,0.4803163553394157,0.5038801288582992,0.5057148316744974,0.5249018442583537,0.5194419455161734,0.5391373697237954,0.5166125243056509,0.5053194004115684
8250.0,0.4691091947633615,0.50268646678511,0.4979560281987675,0.4892025063287132,0.5029738298768036,0.5021117406017226,0.4953034458139025,0.521740850249723,0.5114178838019571,0.5086768820042633,0.5069748083073082,0.4807805572567671,0.5047422181333803,0.5061348238854343,0.5250786830840114,0.5196850989014526,0.5394910473751108,0.5169662019569661,0.5056129037402641
8260.0,0.4688881462312894,0.5025317328126595,0.497801294226317,0.4891140869158844,0.5026643619319028,0.5019127969228577,0.4950160827222088,0.5214092774516149,0.511108415857056,0.5077042684631462,0.5066211306559929,0.4806921378439383,0.5050958957846956,0.5059800899129839,0.5246807957262817,0.5193314212501374,0.5392257891366243,0.5167230485716869,0.5053611540231819
8270.0,0.4690207753505326,0.5027306764915245,0.4980002379051819,0.4894235548607854,0.5028190959043533,0.5020896357485153,0.4950823972818305,0.5214313823048221,0.5112631498295066,0.5071295422797587,0.506731654922029,0.480979500935632,0.5058695656469478,0.506201138445056,0.5246586908730744,0.5193535261033445,0.5393805231090748,0.5168556776909301,0.5055011514268278
8280.0,0.4701481228641003,0.5040127579775424,0.4992823193912,0.490771950906425,0.5041011773903713,0.5033275075281191,0.4961876399421909,0.5226029395248041,0.5125673361687318,0.5076821636099389,0.5079916315548397,0.4822836872748572,0.507792687875975,0.5075053247842812,0.5257418286802276,0.5205029784701193,0.5406626045950927,0.5180935494705337,0.5067365671116306
8290.0,0.4712754703776678,0.5052948394635605,0.500564400877218,0.4921203469520647,0.5054495734360109,0.5045653793077226,0.4972928826025513,0.5237302870383717,0.5139378370675787,0.5081905752337047,0.5092958178940651,0.4835878736140825,0.5097600198114164,0.5087874062702993,0.5268249664873809,0.521630325983687,0.5419225812279036,0.519287211543723,0.5079732108438338
8300.0,0.4713417849372894,0.5054053637295965,0.5006970299964613,0.4923635003373439,0.5057369365277047,0.5046537987205515,0.4972707777493441,0.5236860773319573,0.5142252001592723,0.5075937441971101,0.5095389712793443,0.4837868172929474,0.5106000042332903,0.5089200353895424,0.5267144422213448,0.5215640114240654,0.541966790934318,0.519287211543723,0.508075138778067
8310.0,0.4709660024327669,0.5050516860782812,0.5003875620515604,0.4921645566584791,0.5056043074084614,0.5042780162160289,0.4967844709787855,0.5231555608549843,0.5141146758932363,0.5065548160963713,0.5093621324536867,0.4835657687608753,0.51099789159102,0.5085663577382272,0.5261176111847502,0.5210113900938852,0.5415025890169667,0.5188230096263716,0.5077226891741522
8320.0,0.4709660024327669,0.5051180006379028,0.5004538766111819,0.4923635003373439,0.5059358802065695,0.5043001210692362,0.4967181564191639,0.5230450365889483,0.5144683535445517,0.5059137753533622,0.5096716003985876,0.4837205027333258,0.5118599808661012,0.5086105674446416,0.5259186675058852,0.5208787609746419,0.5414583793105523,0.5187345902135427,0.5077853195915726
8330.0,0.4712091558180462,0.5054053637295965,0.50078544940929,0.4928055974014881,0.5065548160963713,0.5045653793077226,0.4968507855384071,0.5231776657081915,0.5151093942875606,0.505560097702047,0.510246326581975,0.4840962852378483,0.5129652235264616,0.5089200353895424,0.5259849820655069,0.5210113900938852,0.5416573229894172,0.5189114290392004,0.5081009277734755
8340.0,0.4713859946437038,0.5056264122616686,0.5010507076477766,0.4932034847592178,0.5071737519861731,0.5047643229865875,0.4969613098044432,0.5232660851210204,0.5157504350305697,0.5051401054911101,0.5108431576185696,0.4844278580359564,0.5140483613336148,0.5091631887748218,0.5260070869187141,0.5210555998002996,0.5417899521086604,0.5189998484520293,0.508369870154163
8350.0,0.4716733577353976,0.5059800899129839,0.5014043852990919,0.4937118963829836,0.5079474218484253,0.5050737909314884,0.497160253483308,0.523442923946678,0.5165683145992364,0.5048748472526235,0.5115947226276146,0.4848478502468933,0.515242023406804,0.5095168664261371,0.5260955063315429,0.52121033377275,0.5420552103471469,0.5191987921308941,0.5087554770378889
8360.0,0.4722259790655778,0.5065769209495785,0.5020454260421009,0.4944855662452359,0.5090526645087858,0.5056485171148758,0.4976244554006593,0.5239071258640293,0.517695662112804,0.5048748472526235,0.5126557555815606,0.4855331006963168,0.5167230485716869,0.5101136974627318,0.5264933936892727,0.5216524308368942,0.5425857268241199,0.5196629940482456,0.5094198506815055
8370.0,0.4728228101021723,0.507262171399002,0.5027527813447316,0.495347655520317,0.5102684314351822,0.5063116627110921,0.4981770767308395,0.5244376423410023,0.5189335338924076,0.5049853715186595,0.5138273128015427,0.4862846657053619,0.5182924931493986,0.5108210527653625,0.526957595606624,0.52216084246066,0.5431825578607145,0.5202156153784258,0.5101689595957497
8380.0,0.4732870120195237,0.5077705830227677,0.5032611929684974,0.4960550108229477,0.5113294643891282,0.5067758646284435,0.4985528592353621,0.5247913199923177,0.520038776552768,0.5049411618122451,0.5148662409022814,0.4868593918887493,0.5196850989014526,0.5113294643891282,0.5272228538451105,0.5224703104055608,0.5436025500716514,0.520569293029741,0.5107449138265375
8390.0,0.4734638508451814,0.5079916315548397,0.5035043463537767,0.4964750030338846,0.5121252391045877,0.506952703454101,0.4986412786481909,0.524835529698732,0.5208787609746419,0.5046316938673443,0.5156399107645336,0.487146754980443,0.5207682367086058,0.5115505129212002,0.5272007489919033,0.5224924152587681,0.5436909694844803,0.5206356075893627,0.511034733013032
8400.0,0.4733754314323526,0.5079253169952183,0.5034601366473622,0.4966297370063351,0.512699965287975,0.506842179188065,0.4984644398225333,0.52461448116666,0.5214534871580293,0.5040790725371641,0.5161704272415067,0.4871909646868574,0.5215419065708581,0.5115063032147859,0.5268691761937953,0.5222271570202816,0.5434920258056153,0.5203924542040833,0.5110519256766377
8410.0,0.4734638508451814,0.5080579461144614,0.5035927657666055,0.4969613098044432,0.5134515302970201,0.5069084937476867,0.4984865446757405,0.5245481666070384,0.5222492618734887,0.5037253948858488,0.5168998873973445,0.4873899083657222,0.5225145201119753,0.5116389323340291,0.5267365470745519,0.5221387376074527,0.5434920258056153,0.5203703493508761,0.5112570095925046
8420.0,0.4740385770285688,0.5087210917106777,0.5042338065096145,0.4978233990795243,0.5147778214894526,0.5075053247842812,0.4989949562995063,0.5250344733775969,0.5236197627723356,0.5039243385647136,0.5181819688833625,0.4880751588151457,0.5239955452768581,0.5123020779302453,0.5271344344322817,0.5225808346715969,0.5440225422825884,0.5208566561214347,0.5119901538905435
8430.0,0.4745469886523346,0.5093179227472723,0.504808532693002,0.4986191737949837,0.5160377981222634,0.508013736408047,0.4994591582168576,0.5254323607353266,0.5249018442583537,0.5040569676839568,0.5194198406629662,0.4886940947049474,0.525366046175705,0.51289890896684,0.5274660072303898,0.5229566171761194,0.5444867441999397,0.5212766483323716,0.5126532994867599
8440.0,0.4745027789459201,0.5093400276004795,0.504808532693002,0.4988623271802631,0.5167230485716869,0.5079474218484253,0.4993707388040288,0.525255521909669,0.5256313044141915,0.5036590803262272,0.5200829862591824,0.4887383044113619,0.5261176111847502,0.5129431186732544,0.5272007489919033,0.5227355686440474,0.5443320102274892,0.5211219143599212,0.5127429469469891
8450.0,0.4747459323311994,0.5096494955453804,0.5050516860782812,0.499392843657236,0.5177177669660111,0.5081463655272903,0.4995696824828936,0.5253439413224978,0.5266702325149303,0.5035706609133982,0.5210334949470924,0.48906987720947,0.5271344344322817,0.5132525866181552,0.5272228538451105,0.5228018832036689,0.5444867441999397,0.5212324386259573,0.5131162733567108
8460.0,0.4759395944043886,0.51099789159102,0.5063337675642993,0.5009401833817406,0.5197514134610743,0.5093842373068939,0.50078544940929,0.5264933936892727,0.5287480887164078,0.5045432744545154,0.5230450365889483,0.4903740635486953,0.5291680809273448,0.5146009826637948,0.5282838867990565,0.5239071258640293,0.5457246159795434,0.5224261006991464,0.5145248437249701
8470.0,0.4772437807436139,0.512478916755903,0.5077484781695606,0.5026201522254884,0.5219397939285879,0.5107326333525336,0.5021117406017226,0.5277754751752907,0.5309806788903358,0.5056485171148758,0.5251892073500475,0.4917887741539566,0.5312901468352368,0.516104112681885,0.5294996537254529,0.5251671024968402,0.5470951168783902,0.523752391891579,0.5160648151650722
8480.0,0.4777521923673797,0.513119957498912,0.5083010994997408,0.5034822415005694,0.5232660851210204,0.5112631498295066,0.5026643619319028,0.5281954673862277,0.5323511797891827,0.5059800899129839,0.5264933936892727,0.4923856051905512,0.532483808908426,0.516745153424894,0.5298312265235611,0.5255428850013627,0.5475814236489488,0.5242386986621375,0.5167598899936989
8490.0,0.4779290311930374,0.5134073205906057,0.5084779383253983,0.503968548271128,0.5241944889557231,0.5113736740955426,0.5028190959043533,0.5281954673862277,0.5333016884770926,0.5059579850597767,0.5273775878175609,0.4926066537226232,0.533235373917471,0.5170325165165878,0.5297649119639394,0.5255207801481555,0.5476477382085704,0.5243271180749662,0.5170632177015979
8500.0,0.4783048136975599,0.5139157322143715,0.5088758256831281,0.5047201132801731,0.525366046175705,0.5117494566000652,0.5032390881152902,0.5284607256247141,0.534517455403489,0.506201138445056,0.5285049353311285,0.4930708556399746,0.5341858826053809,0.5175630329935608,0.5299638556428042,0.5257639335334348,0.5479793110066785,0.5246807957262817,0.5176146109843774
8510.0,0.4788795398809473,0.5146451923702093,0.5094505518665156,0.5056485171148758,0.5267144422213448,0.5122799730770381,0.5038580240050919,0.5289028226888584,0.535887956302336,0.5066653403624074,0.5298091216703538,0.4936897915297764,0.5352469155593269,0.5182924931493986,0.5303396381473268,0.5261839257443717,0.5485319323368587,0.5252334170564619,0.5183477552824167
8520.0,0.4794321612111274,0.5153967573792544,0.5100252780499029,0.5065990258027857,0.5280407334137771,0.5128325944072183,0.5044769598948938,0.5293670246062097,0.53728056205439,0.5071737519861731,0.531113308009579,0.4943087274195783,0.5362637388068585,0.5190440581584437,0.5307154206518493,0.5266039179553087,0.5490624488138317,0.5258081432398491,0.5190858117700573
8530.0,0.4800068873945149,0.5161704272415067,0.5106221090864975,0.5075716393439028,0.5293891294594169,0.5133852157373985,0.5051401054911101,0.5298312265235611,0.5386510629532368,0.5077263733163533,0.5324174943488043,0.49492766330938,0.5372363523479756,0.5198177280206959,0.5311354128627863,0.5270460150194529,0.5496150701440119,0.5264049742764438,0.5198386048265028
8540.0,0.4806258232843167,0.5169883068101734,0.5112410449762994,0.5085663577382272,0.5307596303582638,0.5139599419207859,0.5058474607937408,0.5303396381473268,0.540043668705291,0.5083453092061552,0.5337216806880295,0.495568704052389,0.5381868610358855,0.5206356075893627,0.5315554050737232,0.5275323217900114,0.5502119011806065,0.5270460150194529,0.5206208710205578
8550.0,0.4810679203484608,0.5176514524063897,0.5116831420404435,0.5094063421601012,0.5319311875782458,0.5143799341317228,0.5063779772707137,0.5306491060922277,0.5412373307784802,0.5088095111235065,0.5348490282015972,0.4960550108229477,0.5388942163385162,0.5212987531855788,0.5318206633122097,0.527819684881705,0.5506318933915435,0.5275323217900114,0.5212275264363555
8560.0,0.4812447591741184,0.5180051300577049,0.5118157711596867,0.5099589634902812,0.5327711720001197,0.5144683535445517,0.5066432355092001,0.5306712109454349,0.5420994200535613,0.5090305596555785,0.5356226980638494,0.4962318496486053,0.5392478939898314,0.5216524308368942,0.5317764536057953,0.527819684881705,0.5507203128043723,0.5277312654688763,0.5215283980494537
8570.0,0.4814879125593977,0.5184693319750563,0.5120147148385517,0.5105778993800831,0.533655366128408,0.5146451923702093,0.5069748083073082,0.5307596303582638,0.543027823888264,0.5093179227472723,0.5364626824857233,0.4964971078870919,0.5396236764943539,0.5220945279010383,0.5317985584590025,0.5279081042945339,0.55089715163003,0.5279965237073627,0.5219004964117752
8580.0,0.482151058155614,0.519397735809759,0.5126778604347679,0.5116610371872363,0.5350037621740477,0.5152641282600111,0.5077705830227677,0.5313343565416512,0.5443983247871109,0.5101136974627318,0.5377668688249485,0.4971823583365153,0.5404194512098135,0.523022931735741,0.5323069700827683,0.5284386207715069,0.5515602972262462,0.5287480887164078,0.522734340596647
8590.0,0.4831236716967311,0.5206577124425699,0.513650473975885,0.5130536429392905,0.5366616261645882,0.5162146369479211,0.5088979305363354,0.5322406555231466,0.5460782936308587,0.5112189401230921,0.5393584182558675,0.4981770767308395,0.5415246938701739,0.5243050132217592,0.5331690593578493,0.5293449197530024,0.5525992253269849,0.5298533313767682,0.5238960734374257
8600.0,0.4841625997974699,0.5219840036350023,0.5146894020766237,0.5145125632509661,0.5383636998615432,0.5172093553422454,0.5100694877563173,0.5332132690642638,0.5478024721810208,0.5124347070494886,0.5409941773932009,0.4992160048315783,0.5426299365305343,0.5256313044141915,0.5340753583393449,0.5302954284409124,0.5536823631341381,0.5310248885967502,0.5251106123164218
8610.0,0.4848699551001005,0.5229787220293266,0.5153746525260472,0.5155957010581192,0.5396678862007684,0.5178503960852544,0.5109094721781913,0.5338101001008584,0.5491287633734533,0.5132967963245696,0.5422541540260117,0.499923360134209,0.5433372918331649,0.5266260228085159,0.5346279796695251,0.530892259477507,0.5543897184367688,0.531842768165417,0.5259653333071005
8620.0,0.4850467939257583,0.5234208190934708,0.5155072816452905,0.5161483223882994,0.5403310317969846,0.5179388154980833,0.511196835269885,0.5338543098072728,0.549836118676084,0.5136283691226777,0.5428730899158136,0.5001001989598667,0.5434257112459938,0.52706811987266,0.5346279796695251,0.5309143643307143,0.554522347556012,0.5320859215506961,0.5262514683513939
8630.0,0.485334157017452,0.523973440423651,0.5157504350305697,0.5167893631313084,0.5411268065124442,0.5181377591769482,0.5116168274808218,0.5340090437797232,0.5506318933915435,0.514070466186822,0.5435804452184442,0.5003654571983531,0.5435804452184442,0.5276207412028402,0.5347385039355611,0.5310690983031646,0.5547655009412913,0.5324617040552186,0.5266456715669223
8640.0,0.4863509802649835,0.5253439413224978,0.516745153424894,0.5182040737365697,0.5426741462369487,0.5190882678648581,0.5127883847008039,0.5349816573208404,0.5522013379692552,0.5153083379664255,0.5450614703833272,0.5013822804458847,0.5445309539063541,0.5289912421016871,0.5356448029170566,0.5320196069910745,0.5558486387484445,0.5336332612752007,0.5278221409765059
8650.0,0.4877656908702447,0.5271123295790744,0.5181598640301553,0.5199945668463536,0.5445972684659757,0.5204366639104978,0.5143578292785157,0.5363521582196873,0.5541686699046967,0.5169440971037589,0.5469403829059397,0.5027969910511461,0.5458572450987865,0.5307596303582638,0.5369931989626963,0.5333901078899214,0.5573517687665346,0.5352248107061197,0.5294001818860206
8660.0,0.4890477723562628,0.5287701935696151,0.5194640503693806,0.5216745356901014,0.5463656567225523,0.5216745356901014,0.5157946447369842,0.5376342397057053,0.5559812678676878,0.5184693319750563,0.548664561456102,0.5041011773903713,0.5470288023187686,0.5324395992020116,0.5382089658890927,0.5346500845227322,0.5587222696653815,0.5367058358710026,0.530855418055495
8670.0,0.4901530150166232,0.5302070090280836,0.5205250833233266,0.5231113511485699,0.5478687867406424,0.5226692540844258,0.5170325165165878,0.5386731678064441,0.557506502738985,0.5197956231674887,0.5501013769145704,0.5051622103443172,0.5479572061534713,0.53387641466048,0.539203684283417,0.535689012623471,0.5598938268853635,0.5379658125038135,0.5320773252188934
8680.0,0.4910372091449115,0.5314448808076871,0.5213871725984076,0.5243271180749662,0.5490845536670389,0.523442923946678,0.5180272349109122,0.5394910473751108,0.5587443745185886,0.5209008658278491,0.5512729341345525,0.5060464044726055,0.5486203517496876,0.5351363912932908,0.5399773541456694,0.5365068921921377,0.560800125866859,0.5390047406045523,0.5330695875184168
8690.0,0.4917003547411278,0.5324395992020116,0.5220061084882095,0.5252776267628763,0.5500129575017416,0.523973440423651,0.5187787999199572,0.5400657735584982,0.5596948832064986,0.521740850249723,0.5521350234096335,0.5066653403624074,0.5489961342542101,0.5361311096876151,0.5405299754758496,0.5371037232287323,0.5614632714630752,0.5398005153200117,0.5338064159586573
8700.0,0.4921645566584791,0.5332132690642638,0.5224039958459392,0.5259849820655069,0.5506539982447506,0.5242608035153447,0.5193093163969301,0.5404194512098135,0.5603580288027149,0.522381890992732,0.552709749593021,0.5070853325733443,0.5491066585202462,0.5369047795498675,0.5408394434207504,0.5374574008800477,0.5618832636740122,0.5403531366501919,0.5343050032032197
8710.0,0.4927392828418664,0.5341195680457593,0.522912407469705,0.5267807567809664,0.5513834584005886,0.5246586908730744,0.519928252286732,0.5408836531271648,0.5610874889585526,0.5231113511485699,0.55335079033603,0.5076158490503173,0.5493277070523183,0.5378110785313629,0.5412815404848946,0.5379437076506063,0.5624358850041924,0.5410383870996153,0.5349116586190176
8720.0,0.4936676866765692,0.5354237543849846,0.5238187064512005,0.5279523140009483,0.5524665962077416,0.5254544655885339,0.5209450755342635,0.5417899521086604,0.562192731618913,0.5242386986621375,0.5543676135835615,0.5085221480318128,0.5499466429421199,0.5391373697237954,0.5421215249067685,0.5388279017788946,0.5634084985453095,0.5421436297599757,0.535912517250344
8730.0,0.494817139043344,0.5369710941094891,0.5249460539647681,0.5293228148997953,0.5537265728405525,0.5264491839828582,0.52216084246066,0.5428951947690207,0.5634748131049312,0.52556498985457,0.5555612756567507,0.5096494955453804,0.5507866273639939,0.5406847094483,0.5432267675671288,0.5399773541456694,0.5646021606184987,0.5434478160992009,0.5371258280819396
8740.0,0.4959223817037044,0.5384300144211648,0.5259849820655069,0.5306048963858132,0.5548318155009129,0.5273554829643538,0.5232881899742275,0.5439562277229667,0.564624265471706,0.5268028616341736,0.5566223086106967,0.5107105284993264,0.5515160875198318,0.542165734613183,0.5442435908146604,0.5410383870996153,0.5657295081320662,0.5446856878788047,0.5382507195007062
8750.0,0.4967402612723711,0.5396236764943539,0.5267807567809664,0.5315996147801376,0.5556275902163723,0.5279744188541556,0.5241502792493087,0.5447298975852191,0.5654421450403726,0.5277754751752907,0.5573517687665346,0.5114841983615785,0.5519581845839758,0.5433593966863721,0.5449951558237055,0.5418341618150748,0.5665694925539402,0.5456361965667145,0.5390907039225802
8760.0,0.4972707777493441,0.5404636609162279,0.5272228538451105,0.5321964458167322,0.5559812678676878,0.5282617819458493,0.5246365860198673,0.545149889796156,0.5658179275448951,0.5283723062118852,0.5576391318582282,0.51194840027893,0.5520244991435975,0.5442214859614533,0.5453930431814352,0.5422762588792189,0.5670336944712915,0.5462551324565164,0.5395647302191349
8770.0,0.4978455039327315,0.5413920647509306,0.5277533703220836,0.5328595914129485,0.5563570503722103,0.5285933547439574,0.5251671024968402,0.5456583014199218,0.5661937100494177,0.5290354518081015,0.5579485998031292,0.512478916755903,0.5521350234096335,0.5451719946493632,0.5458793499519938,0.5428067753561919,0.5675642109482646,0.5469182780527326,0.5400977027909086
8780.0,0.4988402223270558,0.5427625656497775,0.5287038790099934,0.5339206243668945,0.5571307202344625,0.5293670246062097,0.5261397160379573,0.5466088101078316,0.5670115896180844,0.5301185896152547,0.558678059958967,0.513429425443813,0.552709749593021,0.5465424955482101,0.5468077537866965,0.5438014937505163,0.5685810341957961,0.5480456255663001,0.5410666321898244
8790.0,0.4999675698406234,0.5442656956678676,0.5297870168171466,0.5350921815868764,0.5580149143627509,0.530251218734498,0.5272228538451105,0.547714052768192,0.5678957837463727,0.5313122516884439,0.5594738346744266,0.5145346681041734,0.5534171048956517,0.5480677304195074,0.5478908915938497,0.5449067364108767,0.5697304865625709,0.5492834973459038,0.5421571382813801
8800.0,0.5008959736753261,0.5455477771538857,0.5306712109454349,0.5360205854215792,0.5586117453993454,0.5309364691839213,0.5280849431201916,0.5485982468964803,0.5685368244893817,0.5322848652295611,0.5600264560046068,0.5154409670856688,0.553881306813003,0.5493719167587326,0.5487529808689308,0.5458130353923721,0.5706367855440664,0.5503224254466424,0.5430241397460628
8810.0,0.5017801678036145,0.5467856489334892,0.5315111953673088,0.5368826746966602,0.5591201570231111,0.5315775099269304,0.528880717835651,0.549416126465147,0.5690673409663546,0.5331911642110566,0.5604685530687509,0.5163030563607499,0.5542791941707327,0.5506318933915435,0.5495487555843903,0.5466751246674533,0.5714988748191475,0.5513171438409669,0.5438297388407254
8820.0,0.5027527813447316,0.5481119401259218,0.5324617040552186,0.5378331833845702,0.5597169880597057,0.5323511797891827,0.5297870168171466,0.550366635153057,0.5696641720029493,0.5342079874585881,0.5609769646925166,0.517275669901867,0.5547876057944985,0.5520023942903903,0.5504550545658858,0.5476477382085704,0.5724935932134718,0.55240028164812,0.5447384939170218
8830.0,0.5035485560601911,0.5492171827862822,0.5332132690642638,0.5385405386872009,0.5600264560046068,0.5329038011193629,0.53047226726657,0.5510739904556876,0.5699957448010573,0.5349816573208404,0.5612422229310031,0.5180714446173266,0.555052864032985,0.5531076369507507,0.5511403050153092,0.5483771983644082,0.573245158222517,0.5532623709232012,0.5454151480346425
8840.0,0.5038580240050919,0.5497919089696696,0.533456422449543,0.5387173775128585,0.5597833026193274,0.5329480108257773,0.5306491060922277,0.5512729341345525,0.5697525914157782,0.5352690204125341,0.5609327549861022,0.5183809125622274,0.5547876057944985,0.5537044679873453,0.5513171438409669,0.5485761420432731,0.5734441019013817,0.5536160485745165,0.545569882007093
8850.0,0.5040790725371641,0.5502782157402281,0.5336111564219935,0.5387836920724801,0.5594296249680122,0.5329480108257773,0.5307154206518493,0.5513613535473812,0.5693989137644627,0.5354458592381918,0.5604906579219581,0.5186240659475068,0.5544339281431832,0.5542128796111111,0.5513613535473812,0.5487087711625164,0.5735546261674178,0.553881306813003,0.5456288282823122
8860.0,0.5046316938673443,0.5510960953088948,0.5341195680457593,0.539203684283417,0.5594075201148049,0.5333016884770926,0.5311575177159934,0.5518255554647327,0.5693989137644627,0.5359763757151648,0.5604243433623364,0.5192651066905157,0.5544339281431832,0.555052864032985,0.5517813457583183,0.5491729730798677,0.5740409329379764,0.5545002427028048,0.5460439083036474
8870.0,0.5054274685828037,0.5521571282628408,0.5348711330548044,0.5398226201732189,0.5596285686468769,0.5339206243668945,0.5318206633122097,0.552510805914156,0.5696199622965349,0.5367279407242098,0.5605569724815797,0.5201271959655969,0.5546549766752552,0.5561360018401381,0.5524444913545346,0.5498582235292911,0.5747924979470214,0.5553623319778859,0.5466910892836585
8880.0,0.506201138445056,0.5531960563635796,0.5356448029170566,0.5404194512098135,0.5598054074725347,0.5345616651099034,0.532483808908426,0.5531739515103723,0.5698189059753996,0.5374795057332549,0.5606674967476157,0.5210113900938852,0.5548760252073274,0.5571970347940841,0.5530634272443362,0.5505434739787146,0.5755219581028593,0.5562465261061742,0.5473284458844663
8890.0,0.5069305986008938,0.5541465650514894,0.5363521582196873,0.5409720725399937,0.5599380365917779,0.5351806009997053,0.5331027447982278,0.5537928874001742,0.5699294302414357,0.5381868610358855,0.5607117064540301,0.5218734793689662,0.5550307591797777,0.5581696483352013,0.5536160485745165,0.5511403050153092,0.5761851036990755,0.5570644056748408,0.5479068562100549
8900.0,0.5075937441971101,0.5550307591797777,0.5369931989626963,0.5414141696041378,0.5599601414449851,0.5357553271830927,0.533655366128408,0.5543234038771471,0.5699736399478502,0.5388279017788946,0.5606674967476157,0.5227134637908402,0.5551191785926066,0.5590759473166967,0.554102355345075,0.5516708214922822,0.5768040395888774,0.5577938658306788,0.5484152678338208
8910.0,0.5081463655272903,0.5557602193356157,0.5375237154396694,0.5417236375490387,0.5598717220321563,0.5362416339536512,0.534097463192552,0.5547212912348769,0.5698631156818141,0.5393363134026603,0.5604906579219581,0.5234650287998852,0.5550749688861921,0.5598275123257418,0.5544339281431832,0.5520466039968047,0.5772682415062287,0.5584349065736878,0.5487959625279448
8920.0,0.5085884625914344,0.5563128406657959,0.5379437076506063,0.5418783715214892,0.5596285686468769,0.536639521311381,0.5344069311374531,0.5549644446201561,0.5696199622965349,0.5397120959071829,0.5601811899770571,0.5241281743961015,0.5548760252073274,0.5604022385091293,0.5546107669688408,0.5522676525288769,0.5775998143043368,0.5589212133442464,0.5490378878658239
8930.0,0.5090968742152002,0.5569317765555976,0.5384300144211648,0.5421215249067685,0.5594738346744266,0.5371479329351468,0.5348048184951827,0.5552739125650571,0.5694431234708771,0.5401762978245342,0.5599380365917779,0.5249018442583537,0.5547655009412913,0.5610432792521383,0.5548318155009129,0.5525329107673633,0.5780198065152737,0.5594959395276337,0.5493571801899279
8940.0,0.5097821246646237,0.5577717609774715,0.5391373697237954,0.5425415171177055,0.5595401492340482,0.537921602797399,0.5354237543849846,0.5557823241888228,0.5695094380304988,0.5408615482739577,0.5599159317385707,0.5259186675058852,0.5548539203541201,0.5618832636740122,0.5552518077118498,0.5529971126847146,0.5786608472582828,0.5602917142430932,0.5498913808091018
8950.0,0.5103789557012183,0.5584349065736878,0.5397563056135973,0.5428288802093992,0.5594959395276337,0.5386289581000296,0.5359321660087504,0.5561802115465525,0.5694431234708771,0.541436274457345,0.5597833026193274,0.5268691761937953,0.5548318155009129,0.5625906189766429,0.5555391708035435,0.5533286854828228,0.5791692588820485,0.5609769646925166,0.5503113730200389
8960.0,0.5105778993800831,0.5586338502525526,0.539933144439255,0.5426962510901558,0.5590096327570752,0.5389605308981378,0.5360205854215792,0.5560917921337237,0.5689347118471114,0.5415910084297955,0.55920857643594,0.5274217975239754,0.5543455087303544,0.5627895626555076,0.5553623319778859,0.5531739515103723,0.5792134685884629,0.5612201180777959,0.5502880401194312
8970.0,0.5105778993800831,0.5586117453993454,0.539933144439255,0.5423646782920477,0.5583685920140661,0.5391373697237954,0.5359763757151648,0.5558044290420301,0.568249461397688,0.5415689035765884,0.558457011426895,0.5278638945881196,0.5536823631341381,0.5627895626555076,0.554942339766949,0.5528202738590571,0.5790808394692197,0.5612864326374176,0.5500841842509648
8980.0,0.5107326333525336,0.5587001648121742,0.5401099832649126,0.5421436297599757,0.5578822852435076,0.5395352570815252,0.5360647951279935,0.5556496950695796,0.5677410497739221,0.5416794278426244,0.5578822852435076,0.5285049353311285,0.5531518466571652,0.5629000869215437,0.5546549766752552,0.5525550156205705,0.5790808394692197,0.5615074811694897,0.550026466023146
8990.0,0.5110199964442272,0.5588991084910391,0.5404194512098135,0.5420773152003541,0.5575507124453994,0.5401320881181197,0.5363079485132729,0.5556054853631652,0.5673652672693996,0.541966790934318,0.5574401881793634,0.529300710046588,0.5527760641526426,0.5630990306004086,0.5544781378495975,0.5524223865013272,0.5792355734416702,0.5618832636740122,0.5501099732463732
9000.0,0.5113294643891282,0.5591201570231111,0.5407731288611288,0.5420331054939397,0.557285454206913,0.5408173385675432,0.5366174164581737,0.5555833805099579,0.567077904177706,0.5422983637324261,0.5570865105280481,0.5302070090280836,0.5524444913545346,0.5633421839856879,0.5543234038771471,0.5522676525288769,0.5794566219737423,0.5623032558849491,0.5502426023656165
9010.0,0.5116168274808218,0.5592527861423544,0.541104701659237,0.5419446860811109,0.5570201959684264,0.5415467987233811,0.5369047795498675,0.5554949610971291,0.566768436232805,0.5426078316773271,0.5567107280235255,0.5311354128627863,0.5520466039968047,0.5634748131049312,0.5540802504918679,0.5520687088500119,0.5796113559461927,0.5626790383894716,0.5503371620154475
9020.0,0.5117715614532723,0.5592527861423544,0.541325750191309,0.5417457424022459,0.5566665183171111,0.5422099443195973,0.5371037232287323,0.5552739125650571,0.5663705488750753,0.5428067753561919,0.5562465261061742,0.5319975021378673,0.5515602972262462,0.5634748131049312,0.5536823631341381,0.5516929263454894,0.5796555656526071,0.5629664014811654,0.5503224254466426
9030.0,0.5118157711596867,0.5590538424634895,0.5414141696041378,0.5413920647509306,0.5562023163997598,0.5427846705029846,0.5371700377883539,0.5548981300605346,0.5658400323981023,0.5428951947690207,0.5556717999227867,0.5327711720001197,0.55089715163003,0.5632758694260662,0.5531076369507507,0.5511624098685164,0.579545041386571,0.5630990306004086,0.5501664634267917
9040.0,0.5117936663064796,0.5587443745185886,0.5414583793105523,0.5409720725399937,0.5556717999227867,0.5433593966863721,0.5371921426415612,0.5544339281431832,0.5652653062147149,0.542917299622228,0.5550307591797777,0.5335227370091647,0.5501897963273993,0.5629885063343726,0.5524444913545346,0.5505213691255074,0.5793460977077062,0.5631653451600301,0.5499454148947196
9050.0,0.5117936663064796,0.558457011426895,0.5415246938701739,0.540574185182264,0.5552075980054354,0.5440004374293811,0.53728056205439,0.5539697262258318,0.5647347897377419,0.5429615093286424,0.5544560329963905,0.5343406165778314,0.5495045458779758,0.5627011432426788,0.5517813457583183,0.5498803283824983,0.5791913637352558,0.5632758694260662,0.5497575236424583
9060.0,0.511837876012894,0.5581917531884084,0.5416573229894172,0.5402426123841558,0.5548318155009129,0.5447298975852191,0.5374131911736333,0.5535497340148948,0.5642926926735978,0.5430941384478857,0.5539476213726245,0.5352690204125341,0.548885609988174,0.5624358850041924,0.5511624098685164,0.5492834973459038,0.5791029443224269,0.5634527082517239,0.5496322628076176
9070.0,0.5119262954257228,0.5579707046563364,0.5418341618150748,0.539933144439255,0.554522347556012,0.5455698820070929,0.5376121348524981,0.5531739515103723,0.5639169101690753,0.5432709772735432,0.5535276291616877,0.5362637388068585,0.5483108838047867,0.562192731618913,0.5505655788319218,0.5487087711625164,0.5790587346160125,0.5636737567837959,0.549557351916193
9080.0,0.5120147148385517,0.5576833415646427,0.5419888957875253,0.5396236764943539,0.5542128796111111,0.5464098664289668,0.5377889736781558,0.5527760641526426,0.5635411276645527,0.5434257112459938,0.5530855320975435,0.5372584572011828,0.5477361576213993,0.5619274733804266,0.5499466429421199,0.5480898352727145,0.5789924200563908,0.5638948053158681,0.5494664764085635
9090.0,0.5120147148385517,0.5573075590601202,0.5420773152003541,0.5392478939898314,0.5538370971065886,0.5472056411444262,0.5378994979441918,0.552289757382084,0.5630990306004086,0.5435362355120298,0.5525992253269849,0.5382089658890927,0.547073012025183,0.5615516908759041,0.5492171827862822,0.5473824799700839,0.5788597909371477,0.5640274344351113,0.5493019180569099
9100.0,0.5119705051321373,0.5568654619959761,0.5420994200535613,0.5388057969256873,0.5534392097488587,0.5479793110066785,0.5379879173570207,0.5517371360519038,0.5626348286830573,0.543558340365237,0.5520687088500119,0.5391373697237954,0.5463656567225523,0.56110959381176,0.5484435129240299,0.5466088101078316,0.5786387424050756,0.5641158538479402,0.5490870097618399
9110.0,0.5119262954257228,0.5564012600786247,0.5421215249067685,0.5383636998615432,0.5530413223911291,0.5487529808689308,0.5380542319166423,0.5511624098685164,0.5621706267657058,0.5436025500716514,0.5515602972262462,0.540043668705291,0.5456583014199218,0.5606232870412013,0.5476256333553632,0.5458130353923721,0.5784397987262108,0.5641821684075617,0.5488635051349668
9120.0,0.5119041905725156,0.5559591630144805,0.54218783946639,0.5379658125038135,0.552709749593021,0.5495929652908047,0.538142651329471,0.5506318933915435,0.5617506345547689,0.543668864631273,0.5510960953088948,0.5410383870996153,0.5449951558237055,0.5601811899770571,0.5468519634931109,0.5450614703833272,0.5782629599005531,0.5642926926735978,0.5486829821671079
9130.0,0.51194840027893,0.5555612756567507,0.5422983637324261,0.5376342397057053,0.5524665962077416,0.5504992642723002,0.5383194901551287,0.5501676914741921,0.561441166609868,0.5438014937505163,0.5507203128043723,0.5420994200535613,0.544420429640318,0.5597833026193274,0.5461446081904803,0.5443541150806965,0.578152435634517,0.5644916363524627,0.5485724579010719
9140.0,0.5119926099853443,0.5551854931522282,0.5424309928516694,0.5373247717608044,0.5522234428224625,0.5514276681070029,0.5385184338339937,0.5497034895568408,0.561131698664967,0.5439341228697595,0.550366635153057,0.5431604530075073,0.5438457034569307,0.5593854152615977,0.5454372528878496,0.543668864631273,0.578041911368481,0.5646905800313275,0.5484705299668389
9150.0,0.5119926099853443,0.5547212912348769,0.5424752025580838,0.5369710941094891,0.5519581845839758,0.552289757382084,0.5386289581000296,0.549195077933075,0.5607780210136518,0.5440225422825884,0.5499687477953272,0.5441551714018316,0.5432267675671288,0.5589212133442464,0.5446856878788047,0.542917299622228,0.5778871773960306,0.5648232091505708,0.5483121118521871
9160.0,0.5119041905725156,0.5541686699046967,0.5424309928516694,0.536528997045345,0.5516045069326606,0.5530634272443362,0.5386510629532368,0.5485982468964803,0.5603580288027149,0.5440004374293811,0.5494824410247686,0.5450835752365343,0.5425415171177055,0.5583685920140661,0.5438457034569307,0.5420994200535613,0.5776219191575441,0.5648895237101924,0.5480689584669078
9170.0,0.5117715614532723,0.5535497340148948,0.5423425734388405,0.5360426902747863,0.5512066195749308,0.5537707825469669,0.5386289581000296,0.5479351013002641,0.5598938268853635,0.5439120180165523,0.5489740294010028,0.5459456645116154,0.5418120569618675,0.5577496561242643,0.5429394044754352,0.5412152259252729,0.577290346359436,0.5648674188569852,0.5477693149012102
9180.0,0.5116831420404435,0.5530192175379218,0.5422983637324261,0.5356448029170566,0.5508750467768228,0.5545444524092192,0.5386731678064441,0.5473824799700839,0.559518044380841,0.5438899131633451,0.5485319323368587,0.5468519634931109,0.5411489113656514,0.5571970347940841,0.5421436297599757,0.5404194512098135,0.5770471929741566,0.5649337334166068,0.5475445822269368
9190.0,0.5117715614532723,0.5526434350333994,0.5424088879984622,0.5354237543849846,0.5507424176575795,0.555472856243922,0.5388500066321017,0.5469845926123542,0.5593191007019761,0.5440446471357955,0.5482887789515795,0.5479351013002641,0.5406847094483,0.5568433571427688,0.5415025890169667,0.5398005153200117,0.5769808784145349,0.565176886801886,0.5474930042361199
9200.0,0.5118820857193084,0.5523118622352913,0.5425194122644982,0.5352248107061197,0.5506539982447506,0.5564012600786247,0.5390489503109667,0.5466309149610389,0.5591643667295256,0.544199381108246,0.5480677304195074,0.5490182391074172,0.540264717237363,0.5564896794914534,0.5409057579803721,0.5392257891366243,0.5769145638549134,0.5654200401871654,0.5474635310985103
9210.0,0.5118820857193084,0.551869765171147,0.5425194122644982,0.534937447614426,0.5504329497126785,0.5571970347940841,0.5391373697237954,0.5461667130436875,0.5588991084910391,0.5442214859614533,0.5477582624746065,0.5499466429421199,0.53973420076039,0.5560475824273093,0.5402426123841558,0.5385626435404081,0.5767598298824629,0.5655747741596159,0.5473272178370657
9220.0,0.5118599808661012,0.5514055632537957,0.5424973074112911,0.5346721893759395,0.5502340060338137,0.557926494949922,0.5391815794302098,0.5457246159795434,0.5586117453993454,0.5442214859614533,0.5474266896764983,0.5508529419236156,0.5392257891366243,0.5555833805099579,0.5395573619347324,0.5378994979441918,0.576560886203598,0.5656852984256519,0.5471737119120159
9230.0,0.51194840027893,0.5510739904556876,0.5425636219709126,0.534517455403489,0.5501234817677777,0.5587443745185886,0.5393363134026603,0.5453930431814352,0.558457011426895,0.544309905374282,0.5472277459976335,0.5518255554647327,0.5388057969256873,0.5552518077118498,0.5390047406045523,0.5373689814672189,0.5764724667907692,0.5659284518109312,0.5471307302530019
9240.0,0.5120810293981732,0.5508308370704083,0.5426741462369487,0.5344290359906602,0.5501013769145704,0.5595843589404625,0.539513152228318,0.545149889796156,0.5583906968672734,0.5444425344935253,0.5470951168783902,0.5528423787122642,0.5384963289807865,0.5549865494733633,0.5385626435404081,0.5369489892562819,0.5764724667907692,0.5662158149026248,0.5471565192484101
9250.0,0.5122357633706237,0.550587683685129,0.5427625656497775,0.5343848262842458,0.5500792720613633,0.5604022385091293,0.5396899910539756,0.5449288412640838,0.5583243823076517,0.5445751636127686,0.546962487759147,0.5538149922533813,0.5382089658890927,0.5547655009412913,0.538142651329471,0.5365511018985522,0.576450361937562,0.5665031779943186,0.5471872204334203
9260.0,0.5124347070494886,0.5504108448594714,0.5428730899158136,0.5343848262842458,0.5501013769145704,0.5611759083713815,0.5398889347328405,0.5447741072916334,0.5583022774544445,0.5447298975852191,0.5468961731995253,0.5547876057944985,0.5379879173570207,0.5545665572624264,0.5377889736781558,0.5362195291004441,0.5764724667907692,0.5668347507924266,0.5472572191352431
9270.0,0.5126557555815606,0.5503003205934354,0.543027823888264,0.5344732456970747,0.5501676914741921,0.5619937879400483,0.5401099832649126,0.5447077927320118,0.5583685920140661,0.5449067364108767,0.5468740683463181,0.5557823241888228,0.5378331833845702,0.5544781378495975,0.5375237154396694,0.5359763757151648,0.576560886203598,0.5672105332969491,0.5473861641122851
9280.0,0.5129210138200471,0.5502340060338137,0.5431825578607145,0.5346058748163178,0.5502782157402281,0.5627674578023005,0.5403531366501919,0.5446635830255974,0.5584349065736878,0.5451056800897416,0.5468961731995253,0.55675493772994,0.5377226591185341,0.554411823289976,0.5373026669075972,0.5357995368895071,0.5766714104696341,0.567608420654679,0.5475396700373352
9290.0,0.5131862720585336,0.5501897963273993,0.5433372918331649,0.5347606087887683,0.5503887400062641,0.5635190228113456,0.540574185182264,0.5446635830255974,0.5585233259865166,0.5452825189153993,0.5469182780527326,0.5577054464178499,0.5376342397057053,0.5543676135835615,0.5371258280819395,0.5356448029170566,0.5767598298824629,0.5680063080124087,0.5476993161993872
9300.0,0.5134957400034346,0.5502119011806065,0.5435141306588226,0.5349595524676333,0.5505655788319218,0.5642705878203906,0.5408394434207504,0.5447298975852191,0.558678059958967,0.5455035674474713,0.5470066974655614,0.5586559551057598,0.5376342397057053,0.5543897184367688,0.5370374086691108,0.5355563835042279,0.5769366687081205,0.5684484050765528,0.5479129964470568
9310.0,0.5139157322143715,0.5503445302998498,0.543779388897309,0.5352911252657414,0.5508308370704083,0.56506636253585,0.5411710162188585,0.5449067364108767,0.5589212133442464,0.5457909305391649,0.5472056411444262,0.5596506735000842,0.5377226591185341,0.554522347556012,0.5370374086691108,0.5356226980638494,0.5771798220933999,0.569001026406733,0.5482200082971571
9320.0,0.5143136195721013,0.5504992642723002,0.5440225422825884,0.5356226980638494,0.551118200162102,0.5658400323981023,0.5415025890169667,0.5451056800897416,0.5591864715827328,0.5461003984840659,0.5474045848232911,0.5606453918944085,0.5378331833845702,0.5546991863816696,0.5371037232287323,0.535689012623471,0.5774450803318864,0.5695536477369132,0.5485380725738609
9330.0,0.5146894020766237,0.5506097885383362,0.5442214859614533,0.5359321660087504,0.5513392486941742,0.5665252828475258,0.5417678472554531,0.5452825189153993,0.5594075201148049,0.5463214470161379,0.5475593187957416,0.5615516908759041,0.537921602797399,0.5548097106477057,0.5371258280819395,0.5357553271830927,0.5776661288639585,0.5700399545074718,0.5488070149545483
9340.0,0.5150651845811463,0.5507645225107867,0.544420429640318,0.5362858436600656,0.5516045069326606,0.5672105332969491,0.5420552103471469,0.545481462594264,0.5596727783532913,0.5465646004014172,0.5477361576213993,0.5624358850041924,0.5380321270634351,0.5549865494733633,0.5371921426415612,0.5358658514491287,0.5778871773960306,0.5705704709844448,0.5491017463306445
9350.0,0.515573596204912,0.5510518856024804,0.5447298975852191,0.536750045577417,0.5519581845839758,0.5679620983059942,0.5424309928516694,0.5458130353923721,0.5600264560046068,0.5469182780527326,0.5480456255663001,0.5634306033985167,0.5382752804487143,0.5552739125650571,0.537391086320426,0.5360868999812007,0.5782408550473458,0.5711894068742466,0.549508230020177
9360.0,0.5161262175350922,0.5514055632537957,0.5450835752365343,0.53728056205439,0.55240028164812,0.5687357681682466,0.5428509850626063,0.546210922750102,0.5604685530687509,0.5473161654104622,0.5483993032176155,0.564425321792841,0.5385847483936153,0.5556275902163723,0.5376784494121197,0.5363963679261017,0.5786387424050756,0.57187465732367,0.5499724319375285
9370.0,0.5166567340120652,0.5517592409051111,0.5454372528878496,0.5378110785313629,0.5528202738590571,0.5694873331772916,0.5432709772735432,0.5466309149610389,0.5608885452796878,0.5476919479149849,0.5487750857221381,0.5653979353339581,0.5389163211917234,0.5560033727208948,0.5379658125038135,0.5367279407242098,0.5790366297628053,0.5725599077730934,0.5504354058074794
9380.0,0.5172093553422454,0.5521571282628408,0.5457909305391649,0.5383636998615432,0.5532844757764084,0.5702167933331295,0.5436909694844803,0.547073012025183,0.5613527471970391,0.5480898352727145,0.5491508682266606,0.5663705488750753,0.5392478939898314,0.5564012600786247,0.5382973853019216,0.5370816183755251,0.5794566219737423,0.5732672630757241,0.5509168003884363
9390.0,0.5178282912320472,0.5525992253269849,0.5461667130436875,0.538982635751345,0.5537707825469669,0.5709683583421745,0.5441551714018316,0.5475593187957416,0.5618390539675978,0.5485098274836515,0.5495708604375975,0.5673431624161925,0.5396457813475612,0.5568654619959761,0.5386731678064441,0.5375016105864621,0.5799208238910936,0.5739967232315619,0.5514387205336065
9400.0,0.5183809125622274,0.5529971126847146,0.5464982858417956,0.5395352570815252,0.5542128796111111,0.5716315039383907,0.5445530587595613,0.5480014158598857,0.5622811510317418,0.5488635051349668,0.5499687477953272,0.5682273565444809,0.5399994589988765,0.557285454206913,0.5390047406045523,0.5378773930909846,0.5803408161020306,0.5746819736809854,0.5519078346405595
9410.0,0.5188230096263716,0.5533065806296156,0.5467193343738677,0.5399994589988765,0.5545444524092192,0.5721620204153638,0.5448625267044622,0.548355093511201,0.5626348286830573,0.5491287633734533,0.5502340060338137,0.569001026406733,0.5402426123841558,0.5575949221518138,0.5392478939898314,0.5381647561826783,0.5806281791937243,0.5752345950111656,0.552271336671078
9420.0,0.519287211543723,0.5536381534277237,0.546962487759147,0.5404636609162279,0.5548981300605346,0.5726704320391295,0.545149889796156,0.5487308760157236,0.5629885063343726,0.5493940216119397,0.5505213691255074,0.5697525914157782,0.5405299754758496,0.557926494949922,0.5395352570815252,0.5384742241275792,0.5809376471386252,0.5758314260477602,0.5526495752704014
9430.0,0.5198840425803176,0.5541244601982823,0.5473161654104622,0.5410825968060298,0.5553844368310932,0.5733114727821386,0.5455919868603001,0.5492392876394894,0.5634969179581383,0.5497919089696696,0.5509634661896516,0.5706367855440664,0.5409278628335792,0.5584128017204805,0.5399552492924621,0.5389384260449306,0.5813797442027694,0.576560886203598,0.5531665832259699
9440.0,0.5204587687637049,0.5545886621156336,0.5476477382085704,0.5416794278426244,0.5558707436016517,0.5739083038187331,0.546011979071237,0.5497476992632552,0.5639832247286969,0.5501676914741921,0.5513613535473812,0.571454665112733,0.541325750191309,0.5588991084910391,0.5403531366501919,0.5393805231090748,0.5818218412669135,0.5772682415062287,0.5536627143757317
9450.0,0.5208787609746419,0.5549202349137418,0.5478466818874353,0.5420994200535613,0.5561802115465525,0.5743282960296701,0.5462772373097234,0.5500792720613633,0.5642926926735978,0.5503887400062641,0.5516266117858678,0.5721178107089493,0.5415689035765884,0.5592306812891472,0.5406183948886784,0.5396678862007684,0.5820649946521927,0.5777987579832017,0.5539991993634412
9460.0,0.5212987531855788,0.5552518077118498,0.5480235207130929,0.5425415171177055,0.5564896794914534,0.5747261833873999,0.5465424955482101,0.5504329497126785,0.5646021606184987,0.5506097885383362,0.551869765171147,0.5727367465987512,0.5418120569618675,0.5595622540872554,0.5408836531271648,0.5399552492924621,0.5823302528906792,0.5783292744601747,0.5543332282563502
9470.0,0.5218955842221735,0.5557381144824084,0.5483771983644082,0.5431383481543001,0.5569538814088049,0.5752566998643728,0.546962487759147,0.5509413613364443,0.5650884673890573,0.5509855710428587,0.552289757382084,0.5735104164610034,0.5422099443195973,0.5600485608578138,0.5413036453381018,0.5404194512098135,0.5827723499548234,0.5790366297628053,0.5548293594061121
9480.0,0.5224924152587681,0.5562686309593814,0.5487308760157236,0.5437351791908946,0.5574622930325707,0.5758093211945531,0.5474045848232911,0.5514718778134173,0.5655968790128231,0.5513834584005886,0.5527318544462282,0.5743061911764629,0.5426299365305343,0.560579077334787,0.5417457424022459,0.5409057579803721,0.5832144470189675,0.5797660899186431,0.5553463673616806
9490.0,0.5229566171761194,0.5566665183171111,0.5489740294010028,0.544199381108246,0.5578380755370932,0.5762293134054899,0.5477361576213993,0.551869765171147,0.5659947663705528,0.551648716639075,0.5530413223911291,0.574947231919472,0.542917299622228,0.5609990695457239,0.5420773152003541,0.5412594356316873,0.5835460198170757,0.5803629209552378,0.5557368864350081
9500.0,0.523442923946678,0.5570865105280481,0.5492171827862822,0.5446635830255974,0.5582138580416157,0.5766050959100124,0.5480677304195074,0.5522676525288769,0.5663705488750753,0.5519360797307687,0.55335079033603,0.5755661678092737,0.5432046627139216,0.5614190617566608,0.542386783145255,0.5416131132830028,0.5838554877619766,0.5809597519918324,0.5561237213661342
9510.0,0.5240618598364798,0.5576391318582282,0.5496150701440119,0.545260414062192,0.5587222696653815,0.5771356123869854,0.5485319323368587,0.5527981690058498,0.566878960498841,0.5523560719417057,0.5537928874001742,0.5763177328183188,0.5436246549248586,0.561971683086841,0.5428509850626063,0.5420994200535613,0.584319689679328,0.5816892121476702,0.5566480976061051
9520.0,0.5246586908730744,0.5581917531884084,0.5499908526485344,0.5458351402455794,0.5592306812891472,0.5776440240107512,0.5489961342542101,0.5533286854828228,0.5673873721226069,0.5527760641526426,0.5542349844643183,0.5770471929741566,0.5440446471357955,0.5625243044170212,0.5432930821267505,0.5425636219709126,0.5847838915966793,0.5824407771567153,0.5571651055616738
9530.0,0.5251228927904258,0.5586117453993454,0.5502340060338137,0.5462551324565164,0.5595622540872554,0.5779755968088593,0.5493277070523183,0.5537044679873453,0.5677410497739221,0.5530413223911291,0.554522347556012,0.5776219191575441,0.5442878005210748,0.5629442966279581,0.5435804452184442,0.5428951947690207,0.585071254688373,0.5830155033401028,0.5575286075921922
9540.0,0.5254986752949483,0.5589433181974536,0.5504108448594714,0.5465867052546245,0.5598496171789491,0.5782408550473458,0.5495708604375975,0.553991831079039,0.5680063080124087,0.553240266069994,0.5547212912348769,0.5780861210748954,0.5444646393467325,0.5632758694260662,0.5438014937505163,0.5431383481543001,0.5852923032204451,0.5835018101106613,0.5578122865416849
9550.0,0.5259186675058852,0.5593191007019761,0.5506097885383362,0.546962487759147,0.5601369802706427,0.5785061132858323,0.5498582235292911,0.55430129902394,0.5682936711041023,0.553461314602066,0.5549644446201561,0.5785724278454539,0.5446856878788047,0.5636295470773816,0.5440446471357955,0.5434257112459938,0.5855354566057244,0.5840323265876343,0.5581254386287868
9560.0,0.5263828694232366,0.559739092912913,0.5508529419236156,0.5473603751168767,0.5604906579219581,0.5788155812307333,0.5502119011806065,0.5546770815284625,0.5686473487554177,0.5537486776937598,0.5552518077118498,0.5791250491756341,0.5449288412640838,0.5640716441415258,0.5443320102274892,0.5437351791908946,0.5858449245506253,0.5846070527710217,0.5584901687067059
9570.0,0.5268912810470023,0.5602253996834716,0.5511624098685164,0.5478024721810208,0.5608885452796878,0.5791692588820485,0.550587683685129,0.5550749688861921,0.5690452361131475,0.5540802504918679,0.5555612756567507,0.5796776705058143,0.5452162043557776,0.5645358460588771,0.5446635830255974,0.54408885684221,0.5861986022019406,0.5852480935140307,0.558895424348838
9580.0,0.5273554829643538,0.5606674967476157,0.5514276681070029,0.5481782546855435,0.5612643277842103,0.5794787268269496,0.5509634661896516,0.5554507513907148,0.5693989137644627,0.5543676135835615,0.5558486387484445,0.5802081869827873,0.5454593577410568,0.5649779431230212,0.5449730509704982,0.544420429640318,0.5865080701468416,0.5858449245506253,0.5592662946637589
9590.0,0.5277312654688763,0.5609990695457239,0.5516045069326606,0.5484877226304443,0.5615074811694897,0.5796776705058143,0.5512287244281381,0.5557160096292012,0.5696641720029493,0.5545665572624264,0.5560475824273093,0.580606074340517,0.5456140917135074,0.5653095159211293,0.545149889796156,0.5446414781723902,0.5867070138257063,0.5863312313211838,0.5595327809496458
9600.0,0.5281070479733988,0.5613527471970391,0.5517592409051111,0.5487529808689308,0.5617727394079761,0.5798545093314721,0.5514718778134173,0.5559591630144805,0.5699073253882285,0.5547655009412913,0.556224421252967,0.5809818568450396,0.5457467208327506,0.5656410887192375,0.5453488334750207,0.544840421851255,0.5869059575045713,0.5867954332385352,0.559788214808929
9610.0,0.5285491450375429,0.5617727394079761,0.5520244991435975,0.5491066585202462,0.5621043122060843,0.5800976627167512,0.5518255554647327,0.5562907358125886,0.5702167933331295,0.5550307591797777,0.5564896794914534,0.581446058762391,0.5459456645116154,0.5660610809301744,0.5456140917135074,0.5451277849429488,0.5871712157430578,0.5873701594219226,0.5601246997966387
9620.0,0.5289912421016871,0.562192731618913,0.552289757382084,0.5494382313183542,0.5624358850041924,0.5803408161020306,0.552179233116048,0.5566223086106967,0.5705483661312376,0.5553181222714715,0.55675493772994,0.5819102606797423,0.5461667130436875,0.5664810731411114,0.5458793499519938,0.5454372528878496,0.5874585788347514,0.5879448856053101,0.56046609697395
9630.0,0.5293891294594169,0.5625685141234356,0.5524665962077416,0.5497255944100479,0.5627011432426788,0.5805176549276883,0.5524665962077416,0.5568875668491832,0.570813624369724,0.5555391708035435,0.5569538814088049,0.5822860431842648,0.5463214470161379,0.5668568556456339,0.5460782936308587,0.5456583014199218,0.5876796273668234,0.5884532972290758,0.56074240763904
9640.0,0.5297428071107322,0.562922191774751,0.5526434350333994,0.5499687477953272,0.5629442966279581,0.5806723889001387,0.5527539592994354,0.5571307202344625,0.5710567777550034,0.5557381144824084,0.5571086153812553,0.5826397208355802,0.546431971282174,0.5671884284437421,0.5462551324565164,0.5458572450987865,0.5878785710456884,0.5889174991464272,0.5609917012613215
9650.0,0.5301185896152547,0.5632758694260662,0.5528423787122642,0.5502119011806065,0.5632095548664445,0.5808271228725892,0.5530413223911291,0.5573738736197418,0.5712999311402825,0.5559370581612734,0.5573075590601202,0.5829933984868955,0.5465646004014172,0.5675421060950573,0.546431971282174,0.5460561887776515,0.5880775147245533,0.5894259107701929,0.5612520473102064
9660.0,0.5304501624133628,0.5636074422241744,0.5529971126847146,0.5504329497126785,0.5634306033985167,0.580915542285418,0.5532844757764084,0.5575728172986067,0.5714988748191475,0.5561138969869309,0.5574401881793634,0.5832807615785892,0.5466530198142461,0.5678515740399582,0.5465867052546245,0.546233027603309,0.5882543535502109,0.589868007834337,0.5614706397474776
9670.0,0.5307154206518493,0.5638284907562464,0.5530634272443362,0.5505434739787146,0.5635411276645527,0.580915542285418,0.553461314602066,0.5577054464178499,0.5716093990851836,0.5562023163997598,0.5574843978857777,0.5834797052574541,0.5466530198142461,0.5680726225720303,0.5466309149610389,0.5462993421629307,0.5883206681098326,0.5902216854856525,0.5615971286297188
9680.0,0.531002783743543,0.5641158538479402,0.5531739515103723,0.5506982079511651,0.5637179664902103,0.5809597519918324,0.5536602582809309,0.5578601803903003,0.571764133057634,0.556334945519003,0.5575949221518138,0.5837228586427333,0.5466972295206605,0.5683378808105168,0.5467414392270749,0.5464098664289668,0.5884311923758686,0.5906195728433822,0.5617690552657748
9690.0,0.5314448808076871,0.5645579509120843,0.553461314602066,0.5509855710428587,0.5640495392883185,0.5811808005239044,0.5540360407854534,0.5581696483352013,0.5720736010025349,0.5566223086106967,0.5578380755370932,0.5841207460004632,0.5468740683463181,0.5687578730214538,0.5469845926123542,0.5466972295206605,0.5887185554675622,0.5911942990267696,0.5620981719690822
9700.0,0.5318869778718314,0.5649779431230212,0.5537486776937598,0.5512950389877598,0.5643811120864266,0.5813797442027694,0.554411823289976,0.5584791162801022,0.572405173800643,0.5569096717023905,0.5581033337755796,0.5845186333581928,0.547073012025183,0.569199970085598,0.5472498508508407,0.546962487759147,0.589005918559256,0.591769025210157,0.5624309728145908
9710.0,0.5321964458167322,0.5652653062147149,0.5538592019597958,0.5514276681070029,0.5645579509120843,0.5814018490559765,0.5546107669688408,0.5586117453993454,0.572515698066679,0.5570423008216336,0.5581917531884084,0.5847175770370577,0.5470951168783902,0.5694652283240844,0.5473382702636695,0.5470509071719758,0.589116442825292,0.5921227028614723,0.5625881628818419
9720.0,0.5324617040552186,0.5655305644532014,0.5539697262258318,0.5515381923730389,0.5646905800313275,0.5814018490559765,0.5546770815284625,0.5587001648121742,0.572515698066679,0.5571528250876697,0.5582580677480301,0.5849165207159226,0.5471172217315974,0.5697083817093637,0.5474045848232911,0.5470066974655614,0.5891606525317064,0.5922774368339226,0.5626937749582764
9730.0,0.5328595914129485,0.5659063469577239,0.5541907747579039,0.5517592409051111,0.5649779431230212,0.5814681636155982,0.55430129902394,0.558678059958967,0.5720514961493277,0.557395978472949,0.558457011426895,0.5852259886608234,0.5472498508508407,0.5700841642138863,0.5475593187957416,0.5465203906950028,0.5890722331188776,0.5917027106505354,0.562747809043894
9740.0,0.533235373917471,0.5662821294622464,0.5543897184367688,0.5519802894371831,0.5652432013615077,0.581335534496355,0.5518034506115255,0.5576391318582282,0.5693768089112556,0.5576391318582282,0.5586559551057598,0.5855133517525172,0.5473603751168767,0.5704378418652015,0.5474930042361199,0.5439341228697595,0.5879669904585172,0.5882764584034181,0.5621423816754967
9750.0,0.5335227370091647,0.5665252828475258,0.5543676135835615,0.5520244991435975,0.5653316207743366,0.5801197675699585,0.5427625656497775,0.5529971126847146,0.5599601414449851,0.5577717609774715,0.5587222696653815,0.5855354566057244,0.5473161654104622,0.5706146806908592,0.546431971282174,0.5349153427612188,0.5830376081933099,0.5770692978273638,0.5593903274511993
9760.0,0.5337879952476512,0.5667463313795978,0.5537044679873453,0.5517371360519038,0.5650884673890573,0.575499853249652,0.5191103727180653,0.5391152648705883,0.5354900689446062,0.5578822852435076,0.5587443745185886,0.5848944158627153,0.5470066974655614,0.5704599467184088,0.542165734613183,0.5114841983615785,0.5683820905169312,0.5497698041164624,0.5517260836253002
9770.0,0.534097463192552,0.5667463313795978,0.550587683685129,0.5500792720613633,0.5634527082517239,0.5618390539675978,0.4705681150750372,0.5065548160963713,0.485334157017452,0.558037019215958,0.5585675356929309,0.581667107294463,0.5455698820070929,0.5689126069939042,0.5293670246062097,0.4635608766083524,0.5340311486329306,0.4968728903916143,0.5347692051205712
9780.0,0.5338322049540656,0.5652432013615077,0.5396015716411469,0.543248872420336,0.556644413463904,0.5291459760741376,0.3914327405932337,0.4456559455105141,0.4036567244168195,0.5575949221518138,0.5569096717023905,0.5700841642138863,0.5396899910539756,0.5621264170592914,0.4986412786481909,0.3855307447869092,0.4697944452127849,0.4139354811581711,0.503487153690171
9790.0,0.531002783743543,0.5584791162801022,0.5106221090864975,0.5230892462953627,0.5364184727793089,0.4672081773875416,0.2891314799502765,0.3552249910398275,0.2981060503524028,0.5544560329963905,0.5500792720613633,0.5394910473751108,0.5219397939285879,0.5418120569618675,0.4403507807407843,0.2846884044556278,0.3744562133300982,0.3088932187175202,0.4547471804156786
9800.0,0.5202156153784258,0.5385626435404081,0.4522652966194692,0.4780837651654878,0.4911477334109476,0.3743898987704765,0.1843986854545265,0.2488122277003296,0.1900796327287789,0.5430499287414713,0.5302954284409124,0.4778627166334157,0.4812447591741184,0.4961655350889837,0.3529260863062779,0.1815250545375895,0.2622740833035192,0.201485736983698,0.38915471266549084
9810.0,0.4907056363468034,0.493756106089398,0.3612154062589808,0.4002525770229095,0.412542875406117,0.2639319472940598,0.0992950006067769,0.1492519688550663,0.1023454703493716,0.5120810293981732,0.4860194074668754,0.3816845003288551,0.4087187358012701,0.4168091120751081,0.2488343325535369,0.0977255560290651,0.1573202402756971,0.1126684367971375,0.3108421299419557
9820.0,0.4296299269352885,0.4152396674973964,0.2508016644889784,0.2955197825271595,0.3061964266262408,0.1594202013303818,0.044386545240073,0.0751565009045061,0.0457570461389199,0.448198003629343,0.4086082115352341,0.2650371899544201,0.3079648148828174,0.309401630341286,0.1503351066622194,0.0436791899374423,0.0792237938946323,0.0532063816697489,0.22709789356644927
9830.0,0.3341811707865658,0.3084732265065832,0.1467983301490662,0.1860786542982743,0.1942132402785267,0.0808153433255512,0.0162691719605048,0.031300472141406,0.0167775835842706,0.3485272205180436,0.3034554248285471,0.1551097549549763,0.1989657837180763,0.196268991626797,0.0762175338584521,0.0160039137220183,0.0329804409851538,0.02097750569364,0.14796743127424747
9840.0,0.2215790485490498,0.1958268945626529,0.070779739969479,0.0973497735245426,0.1025886237346508,0.0338867399666493,0.0048409628523784,0.0106545392458741,0.0049956968248289,0.2310399257217347,0.1925774811411933,0.0747807183999836,0.1073190623209933,0.103671761541804,0.0319636177376223,0.0047746482927568,0.0112513702824687,0.0068525044942343,0.08370739495349427
9850.0,0.1211124907222909,0.1034949227161463,0.0276531713622168,0.0415350191763432,0.0442760209740369,0.0116271527869912,0.001171557219982,0.0029620503297658,0.0011936620731892,0.1262408166663631,0.1017486393127769,0.0292226159399285,0.0473928052762532,0.0447623277445955,0.010964007190775,0.0011494523667747,0.0031167843022162,0.0018347028161982,0.040081011054269096
9860.0,0.0532063816697489,0.0446518034785595,0.0086429976040182,0.0142355254654417,0.0154070826854237,0.0032494134214595,0.000221048532072,0.0006631455962162,0.0002431533852792,0.0554389718436768,0.0439002384695144,0.0091293043745767,0.0168881078503066,0.0155618166578742,0.0030504697425946,0.000221048532072,0.0007073553026306,0.0003978873577297,0.015878652887177477
9870.0,0.0184354475748112,0.0155176069514597,0.0021441707610991,0.0038904541644685,0.004266236668991,0.0007294601558378,4.420970641441537e-05,0.000110524266036,4.420970641441537e-05,0.0192091174370634,0.0152523487129733,0.0022767998803423,0.004796753145964,0.0043104463754054,0.0006852504494234,4.420970641441537e-05,0.0001326291192432,6.631455962162305e-05,0.005108677185665732
9880.0,0.0049956968248289,0.0042883415221982,0.0004199922109369,0.0008399844218738,0.0009284038347027,0.0001326291192432,0.0,2.2104853207207685e-05,0.0,0.0051946405036938,0.0042220269625766,0.0004420970641441,0.0010831378071531,0.0009505086879099,0.0001326291192432,0.0,2.2104853207207685e-05,0.0,0.0013152387658288231
9890.0,0.0010389281007387,0.0009505086879099,6.631455962162305e-05,0.0001326291192432,0.0001547339724504,2.2104853207207685e-05,0.0,0.0,0.0,0.0010831378071531,0.0009284038347027,6.631455962162305e-05,0.0001989436788648,0.0001547339724504,2.2104853207207685e-05,0.0,0.0,0.0,0.0002677143332872701
9900.0,0.0001768388256576,0.0001547339724504,0.0,2.2104853207207685e-05,2.2104853207207685e-05,0.0,0.0,0.0,0.0,0.0001768388256576,0.0001547339724504,0.0,2.2104853207207685e-05,2.2104853207207685e-05,0.0,0.0,0.0,0.0,4.17536116136017e-05
9910.0,2.2104853207207685e-05,2.2104853207207685e-05,0.0,0.0,0.0,0.0,0.0,0.0,0.0,2.2104853207207685e-05,2.2104853207207685e-05,0.0,0.0,0.0,0.0,0.0,0.0,0.0,4.912189601601708e-06
9920.0,0.0,0.0,0.0,0.0,0.0,0.0,0.0,0.0,0.0,0.0,0.0,0.0,0.0,0.0,0.0,0.0,0.0,0.0,0.0
