sci_data_set_name,sci_targname,sci_ra,sci_dec,sci_refnum,sci_start_time,sci_stop_time,sci_actual_duration,sci_instrume,sci_aper_1234,sci_spec_1234,sci_central_wavelength,sci_pep_id,sci_pi_last_name,sci_release_date,sci_preview_name,scp_scan_type,sci_hlsp
J93I30ITQ,0272-51941-151,156.463875,-0.5881777777778,49,2004-10-23T19:35:48.977000,2004-10-23T19:42:50.023000,420.0,ACS   ,WFC1,CLEAR1L;F435W,4329.1958,10174,KOOPMANS,2005-04-25T01:10:56,J93I30ITQ,,
J93I30IUQ,0272-51941-151,156.463875,-0.5881777777778,49,2004-10-23T19:45:26.960000,2004-10-23T19:52:28.007000,420.0,ACS   ,WFC1,CLEAR1L;F814W,8047.5562,10174,KOOPMANS,2005-04-25T03:53:06,J93I30IUQ,,
J93I38ZLQ,0315-51663-259,233.8765833333,-0.6478555555556,49,2005-05-06T23:58:37.220000,2005-05-07T00:05:38.237000,420.0,ACS   ,WFC1,CLEAR1L;F435W,4329.2231,10174,KOOPMANS,2005-11-09T03:58:44,J93I38ZLQ,,
J93I38ZMQ,0315-51663-259,233.8765833333,-0.6478555555556,49,2005-05-07T00:08:15.203000,2005-05-07T00:15:16.253000,420.0,ACS   ,WFC1,CLEAR1L;F814W,8047.6924,10174,KOOPMANS,2005-11-09T04:03:42,J93I38ZMQ,,
J93I33H0Q,0337-51997-460,192.7105,-1.592127777778,49,2005-07-02T15:05:22.077000,2005-07-02T15:12:23.007000,420.0,ACS   ,WFC1,CLEAR1L;F435W,4329.2314,10174,KOOPMANS,2006-01-01T23:20:56,J93I33H0Q,,
J93I33H1Q,0337-51997-460,192.7105,-1.592127777778,49,2005-07-02T15:15:00.170000,2005-07-02T15:22:01.217000,420.0,ACS   ,WFC1,CLEAR1L;F814W,8047.7324,10174,KOOPMANS,2006-01-01T23:25:27,J93I33H1Q,,
J93I12FPQ,0337-51997-480,192.8987916667,-2.134769444444,49,2005-03-22T08:19:28.140000,2005-03-22T08:26:29.187000,420.0,ACS   ,WFC1,CLEAR1L;F435W,4329.2168,10174,KOOPMANS,2005-09-21T19:01:32,J93I12FPQ,,
J93I12FQQ,0337-51997-480,192.8987916667,-2.134769444444,49,2005-03-22T08:29:06.157000,2005-03-22T08:36:07.203000,420.0,ACS   ,WFC1,CLEAR1L;F814W,8047.6606,10174,KOOPMANS,2005-09-21T20:00:26,J93I12FQQ,,
J93I49OJQ,0352-51789-563,259.6558333333,64.41451111111,49,2004-08-11T18:34:36.703000,2004-08-11T18:41:37.820000,420.0,ACS   ,WFC1,CLEAR1L;F435W,4329.1855,10174,KOOPMANS,2005-02-11T14:45:58,J93I49OJQ,,
J93I49OKQ,0352-51789-563,259.6558333333,64.41451111111,49,2004-08-11T18:44:14.770000,2004-08-11T18:51:15.837000,420.0,ACS   ,WFC1,CLEAR1L;F814W,8047.5049,10174,KOOPMANS,2005-02-11T21:50:55,J93I49OKQ,,
J93I41DMQ,0364-52000-084,246.9435416667,-0.8993222222222,49,2005-03-20T22:55:50.973000,2005-03-20T23:02:52.067000,420.0,ACS   ,WFC1,CLEAR1L;F435W,4329.2168,10174,KOOPMANS,2005-09-20T01:19:32,J93I41DMQ,,
J93I41DNQ,0364-52000-084,246.9435416667,-0.8993222222222,49,2005-03-20T23:05:29.040000,2005-03-20T23:12:30.083000,420.0,ACS   ,WFC1,CLEAR1L;F814W,8047.6597,10174,KOOPMANS,2005-09-20T09:57:07,J93I41DNQ,,
J93I21I7Q,0436-51883-633,120.6700833333,45.08131666667,49,2005-04-24T06:17:34.213000,2005-04-24T06:24:35.260000,420.0,ACS   ,WFC1,CLEAR1L;F435W,4329.2217,10174,KOOPMANS,2005-10-24T18:33:31,J93I21I7Q,,
J93I21I8Q,0436-51883-633,120.6700833333,45.08131666667,49,2005-04-24T06:27:12.197000,2005-04-24T06:34:13.243000,420.0,ACS   ,WFC1,CLEAR1L;F814W,8047.6836,10174,KOOPMANS,2005-10-24T18:57:03,J93I21I8Q,,
J93I04JSQ,0439-51877-333,120.9925416667,45.61545,49,2005-04-05T12:35:09.187000,2005-04-05T12:42:10.203000,420.0,ACS   ,WFC1,CLEAR1L;F435W,4329.2188,10174,KOOPMANS,2005-10-05T19:07:30,J93I04JSQ,,
J93I04JTQ,0439-51877-333,120.9925416667,45.61545,49,2005-04-05T12:44:47.170000,2005-04-05T12:51:48.220000,420.0,ACS   ,WFC1,CLEAR1L;F814W,8047.6704,10174,KOOPMANS,2005-10-05T19:12:01,J93I04JTQ,,
J93I01MQQ,0441-51868-108,124.8830416667,45.57911944444,49,2004-12-08T23:38:34.037000,2004-12-08T23:45:35.087000,420.0,ACS   ,WFC1,CLEAR1L;F435W,4329.2021,10174,KOOPMANS,2005-06-10T10:02:45,J93I01MQQ,,
J93I01MRQ,0441-51868-108,124.8830416667,45.57911944444,49,2004-12-08T23:48:12.020000,2004-12-08T23:55:13.070000,420.0,ACS   ,WFC1,CLEAR1L;F814W,8047.5884,10174,KOOPMANS,2005-06-10T10:08:14,J93I01MRQ,,
J93I43IKQ,0472-51955-429,138.022125,0.4836611111111,49,2004-10-12T22:55:10.477000,2004-10-12T23:02:11.407000,420.0,ACS   ,WFC1,CLEAR1L;F435W,4329.1943,10174,KOOPMANS,2005-04-14T03:42:54,J93I43IKQ,,
J93I43ILQ,0472-51955-429,138.022125,0.4836611111111,49,2004-10-12T23:04:48.837000,2004-10-12T23:11:49.767000,420.0,ACS   ,WFC1,CLEAR1L;F814W,8047.5483,10174,KOOPMANS,2005-04-14T06:23:35,J93I43ILQ,,
J93I24A7Q,0476-52314-177,143.9330416667,-0.05966666666667,49,2005-04-25T01:13:55.203000,2005-04-25T01:20:56.253000,420.0,ACS   ,WFC1,CLEAR1L;F435W,4329.2217,10174,KOOPMANS,2005-10-25T06:28:29,J93I24A7Q,,
J93I24A8Q,0476-52314-177,143.9330416667,-0.05966666666667,49,2005-04-25T01:23:33.220000,2005-04-25T01:30:34.267000,420.0,ACS   ,WFC1,CLEAR1L;F814W,8047.6841,10174,KOOPMANS,2005-10-25T06:42:05,J93I24A8Q,,
J93I40GYQ,0541-51959-145,114.3685,32.27185,49,2004-09-21T05:14:59.743000,2004-09-21T05:22:00.677000,420.0,ACS   ,WFC1,CLEAR1L;F435W,4329.1914,10174,KOOPMANS,2005-03-24T15:39:38,J93I40GYQ,,
J93I40GZQ,0541-51959-145,114.3685,32.27185,49,2004-09-21T05:24:37.827000,2004-09-21T05:31:38.850000,420.0,ACS   ,WFC1,CLEAR1L;F814W,8047.5332,10174,KOOPMANS,2005-03-24T22:52:25,J93I40GZQ,,
J93I18J4Q,0572-52289-495,149.933625,4.171388888889,49,2004-10-19T21:16:03.950000,2004-10-19T21:23:05,420.0,ACS   ,WFC1,CLEAR1L;F435W,4329.1953,10174,KOOPMANS,2005-04-21T08:54:11,J93I18J4Q,,
J93I18J5Q,0572-52289-495,149.933625,4.171388888889,49,2004-10-19T21:25:41.967000,2004-10-19T21:32:43.017000,420.0,ACS   ,WFC1,CLEAR1L;F814W,8047.5532,10174,KOOPMANS,2005-04-21T08:59:42,J93I18J5Q,,
J93I16A1Q,0587-52026-205,220.83175,3.068958333333,49,2005-04-03T13:09:43.173000,2005-04-03T13:16:44.220000,420.0,ACS   ,WFC1,CLEAR1L;F435W,4329.2188,10174,KOOPMANS,2005-10-03T20:46:33,J93I16A1Q,,
J93I16A2Q,0587-52026-205,220.83175,3.068958333333,49,2005-04-03T13:19:21.187000,2005-04-03T13:26:22.237000,420.0,ACS   ,WFC1,CLEAR1L;F814W,8047.6694,10174,KOOPMANS,2005-10-03T20:51:04,J93I16A2Q,,
J93I31SSQ,0605-52353-503,210.6175833333,63.35926111111,49,2004-08-04T17:29:41.857000,2004-08-04T17:36:42.907000,420.0,ACS   ,WFC1,CLEAR1L;F435W,4329.1846,10174,KOOPMANS,2005-02-04T08:15:32,J93I31SSQ,,
J93I31STQ,0605-52353-503,210.6175833333,63.35926111111,49,2004-08-04T17:39:19.747000,2004-08-04T17:46:20.677000,420.0,ACS   ,WFC1,CLEAR1L;F814W,8047.5,10174,KOOPMANS,2005-02-04T08:18:03,J93I31STQ,,
J93I14E7Q,0617-52072-561,236.8800833333,57.33329166667,49,2004-10-29T03:41:42.960000,2004-10-29T03:48:44.007000,420.0,ACS   ,WFC1,CLEAR1L;F435W,4329.1968,10174,KOOPMANS,2005-04-30T14:44:31,J93I14E7Q,,
J93I14E8Q,0617-52072-561,236.8800833333,57.33329166667,49,2004-10-29T03:51:20.977000,2004-10-29T03:58:21.990000,420.0,ACS   ,WFC1,CLEAR1L;F814W,8047.5596,10174,KOOPMANS,2005-04-30T14:50:32,J93I14E8Q,,
J93I42CLQ,0626-52057-518,247.6173333333,45.34341111111,49,2004-10-04T21:25:45.927000,2004-10-04T21:32:46.977000,420.0,ACS   ,WFC1,CLEAR1L;F435W,4329.1934,10174,KOOPMANS,2005-04-06T04:21:26,J93I42CLQ,,
J93I42CMQ,0626-52057-518,247.6173333333,45.34341111111,49,2004-10-04T21:35:23.913000,2004-10-04T21:42:24.960000,420.0,ACS   ,WFC1,CLEAR1L;F814W,8047.543,10174,KOOPMANS,2005-04-06T04:27:26,J93I42CMQ,,
J93I10EBQ,0627-52144-464,249.0109166667,47.12488055556,49,2004-10-29T04:16:54.960000,2004-10-29T04:23:56.007000,420.0,ACS   ,WFC1,CLEAR1L;F435W,4329.1968,10174,KOOPMANS,2005-04-30T14:56:29,J93I10EBQ,,
J93I10ECQ,0627-52144-464,249.0109166667,47.12488055556,49,2004-10-29T04:26:32.977000,2004-10-29T04:33:33.990000,420.0,ACS   ,WFC1,CLEAR1L;F814W,8047.5601,10174,KOOPMANS,2005-04-30T15:03:01,J93I10ECQ,,
J93I39A7Q,0645-52203-517,350.3372083333,-9.652852777778,49,2004-09-06T01:31:25.893000,2004-09-06T01:38:26.940000,420.0,ACS   ,WFC1,CLEAR1L;F435W,4329.189,10174,KOOPMANS,2005-03-09T13:38:50,J93I39A7Q,,
J93I39A8Q,0645-52203-517,350.3372083333,-9.652852777778,49,2004-09-06T01:41:03.877000,2004-09-06T01:48:04.923000,420.0,ACS   ,WFC1,CLEAR1L;F814W,8047.5225,10174,KOOPMANS,2005-03-09T18:27:14,J93I39A8Q,,
J93I44EKQ,0655-52162-392,9.47175,-9.705594444444,49,2004-09-18T01:19:57.757000,2004-09-18T01:26:58.687000,420.0,ACS   ,WFC1,CLEAR1L;F435W,4329.1909,10174,KOOPMANS,2005-03-20T06:18:15,J93I44EKQ,,
J93I44ELQ,0655-52162-392,9.47175,-9.705594444444,49,2004-09-18T01:29:35.807000,2004-09-18T01:36:36.737000,420.0,ACS   ,WFC1,CLEAR1L;F814W,8047.5312,10174,KOOPMANS,2005-03-20T10:37:02,J93I44ELQ,,
J93I27KTQ,0668-52162-428,34.218875,-8.229288888889,49,2005-01-05T11:41:42.073000,2005-01-05T11:48:43.120000,420.0,ACS   ,WFC1,CLEAR1L;F435W,4329.2061,10174,KOOPMANS,2005-07-07T21:13:26,J93I27KTQ,,
J93I27KUQ,0668-52162-428,34.218875,-8.229288888889,49,2005-01-05T11:51:20.057000,2005-01-05T11:58:21.107000,420.0,ACS   ,WFC1,CLEAR1L;F814W,8047.6074,10174,KOOPMANS,2005-07-07T21:13:42,J93I27KUQ,,
J93I28BKQ,0677-52606-520,345.2214583333,0.3772083333333,49,2005-01-03T06:57:30.073000,2005-01-03T07:04:31.120000,420.0,ACS   ,WFC1,CLEAR1L;F435W,4329.2061,10174,KOOPMANS,2005-07-05T14:10:10,J93I28BKQ,,
J93I28BLQ,0677-52606-520,345.2214583333,0.3772083333333,49,2005-01-03T07:07:08.057000,2005-01-03T07:14:09.107000,420.0,ACS   ,WFC1,CLEAR1L;F814W,8047.606,10174,KOOPMANS,2005-07-05T14:25:46,J93I28BLQ,,
J93I48M5Q,0684-52523-311,356.8670416667,-0.08924166666667,49,2004-12-23T15:01:32.020000,2004-12-23T15:08:33.070000,420.0,ACS   ,WFC1,CLEAR1L;F435W,4329.2046,10174,KOOPMANS,2005-06-24T22:07:57,J93I48M5Q,,
J93I48M6Q,0684-52523-311,356.8670416667,-0.08924166666667,49,2004-12-23T15:11:10.037000,2004-12-23T15:18:11.087000,420.0,ACS   ,WFC1,CLEAR1L;F814W,8047.5986,10174,KOOPMANS,2005-06-24T22:13:28,J93I48M6Q,,
J93I06EYQ,0717-52468-165,330.5763333333,-8.780002777778,49,2005-04-15T10:29:46.180000,2005-04-15T10:36:47.227000,420.0,ACS   ,WFC1,CLEAR1L;F435W,4329.2202,10174,KOOPMANS,2005-10-15T18:49:14,J93I06EYQ,,
J93I06EZQ,0717-52468-165,330.5763333333,-8.780002777778,49,2005-04-15T10:39:24.163000,2005-04-15T10:46:25.210000,420.0,ACS   ,WFC1,CLEAR1L;F814W,8047.6777,10174,KOOPMANS,2005-10-16T04:56:29,J93I06EZQ,,
J93I32OZQ,0722-52224-442,339.6675,-7.915569444444,49,2005-04-20T08:45:22.213000,2005-04-20T08:52:23.260000,420.0,ACS   ,WFC1,CLEAR1L;F435W,4329.2207,10174,KOOPMANS,2005-10-21T02:58:40,J93I32OZQ,,
J93I32P0Q,0722-52224-442,339.6675,-7.915569444444,49,2005-04-20T08:55:00.197000,2005-04-20T09:02:01.243000,420.0,ACS   ,WFC1,CLEAR1L;F814W,8047.6812,10174,KOOPMANS,2005-10-21T02:24:37,J93I32P0Q,,
J93I36HQQ,0743-52262-304,345.8405,14.37164166667,49,2004-11-23T13:27:09.010000,2004-11-23T13:34:10.027000,420.0,ACS   ,WFC1,CLEAR1L;F435W,4329.2002,10174,KOOPMANS,2005-05-25T16:52:46,J93I36HQQ,,
J93I36HRQ,0743-52262-304,345.8405,14.37164166667,49,2004-11-23T13:36:46.997000,2004-11-23T13:43:48.043000,420.0,ACS   ,WFC1,CLEAR1L;F814W,8047.5776,10174,KOOPMANS,2005-05-25T18:23:32,J93I36HRQ,,
J93I22W9Q,0777-52320-501,178.7920416667,62.62281666667,49,2005-03-31T13:19:42.180000,2005-03-31T13:26:43.227000,420.0,ACS   ,WFC1,CLEAR1L;F435W,4329.2183,10174,KOOPMANS,2005-10-01T01:25:27,J93I22W9Q,,
J93I22WAQ,0777-52320-501,178.7920416667,62.62281666667,49,2005-03-31T13:29:20.163000,2005-03-31T13:36:21.210000,420.0,ACS   ,WFC1,CLEAR1L;F814W,8047.667,10174,KOOPMANS,2005-10-01T01:29:27,J93I22WAQ,,
J93I03KDQ,0783-52325-279,194.8294583333,61.569,49,2004-11-07T11:54:10.003000,2004-11-07T12:01:11.050000,420.0,ACS   ,WFC1,CLEAR1L;F435W,4329.1978,10174,KOOPMANS,2005-05-09T17:23:42,J93I03KDQ,,
J93I03KEQ,0783-52325-279,194.8294583333,61.569,49,2004-11-07T12:03:47.987000,2004-11-07T12:10:49.037000,420.0,ACS   ,WFC1,CLEAR1L;F814W,8047.5664,10174,KOOPMANS,2005-05-09T18:50:23,J93I03KEQ,,
J93I17PFQ,0788-52338-605,215.0660416667,60.32077777778,49,2004-11-25T00:33:42.997000,2004-11-25T00:40:44.043000,420.0,ACS   ,WFC1,CLEAR1L;F435W,4329.2002,10174,KOOPMANS,2005-05-29T16:02:17,J93I17PFQ,,
J93I17PGQ,0788-52338-605,215.0660416667,60.32077777778,49,2004-11-25T00:43:21.010000,2004-11-25T00:50:22.027000,420.0,ACS   ,WFC1,CLEAR1L;F814W,8047.5786,10174,KOOPMANS,2005-05-29T16:02:47,J93I17PGQ,,
J93I37VTQ,0815-52374-337,244.6795833333,43.89095555556,49,2004-12-25T19:36:34.037000,2004-12-25T19:43:35.087000,420.0,ACS   ,WFC1,CLEAR1L;F435W,4329.2046,10174,KOOPMANS,2005-06-26T23:23:10,J93I37VTQ,,
J93I37VUQ,0815-52374-337,244.6795833333,43.89095555556,49,2004-12-25T19:46:12.020000,2004-12-25T19:53:13.070000,420.0,ACS   ,WFC1,CLEAR1L;F814W,8047.6001,10174,KOOPMANS,2005-06-26T23:28:41,J93I37VUQ,,
J93I46Z5Q,0835-52326-571,169.415,5.570547222222,49,2004-11-13T06:44:50.003000,2004-11-13T06:51:51.050000,420.0,ACS   ,WFC1,CLEAR1L;F435W,4329.1987,10174,KOOPMANS,2005-05-15T16:35:13,J93I46Z5Q,,
J93I46Z6Q,0835-52326-571,169.415,5.570547222222,49,2004-11-13T06:54:27.987000,2004-11-13T07:01:29.037000,420.0,ACS   ,WFC1,CLEAR1L;F814W,8047.5703,10174,KOOPMANS,2005-05-15T19:25:25,J93I46Z6Q,,
J93I35I1Q,0842-52376-208,181.183625,3.968441666667,49,2005-06-14T13:30:20.267000,2005-06-14T13:37:21.313000,420.0,ACS   ,WFC1,CLEAR1L;F435W,4329.2285,10174,KOOPMANS,2005-12-14T19:54:12,J93I35I1Q,,
J93I35I2Q,0842-52376-208,181.183625,3.968441666667,49,2005-06-14T13:39:58.280000,2005-06-14T13:46:59.330000,420.0,ACS   ,WFC1,CLEAR1L;F814W,8047.7197,10174,KOOPMANS,2005-12-14T19:56:18,J93I35I2Q,,
J93I34Y9Q,0847-52426-549,192.61775,5.396963888889,49,2005-03-12T02:19:24.140000,2005-03-12T02:26:25.187000,420.0,ACS   ,WFC1,CLEAR1L;F435W,4329.2153,10174,KOOPMANS,2005-09-11T10:56:34,J93I34Y9Q,,
J93I34YAQ,0847-52426-549,192.61775,5.396963888889,49,2005-03-12T02:29:02.157000,2005-03-12T02:36:03.203000,420.0,ACS   ,WFC1,CLEAR1L;F814W,8047.6533,10174,KOOPMANS,2005-09-11T11:01:34,J93I34YAQ,,
J93I45M4Q,0902-52409-068,149.1240833333,51.001775,49,2004-10-30T16:15:29.967000,2004-10-30T16:22:31.017000,420.0,ACS   ,WFC1,CLEAR1L;F435W,4329.1968,10174,KOOPMANS,2005-05-01T20:32:03,J93I45M4Q,,
J93I45M5Q,0902-52409-068,149.1240833333,51.001775,49,2004-10-30T16:25:07.950000,2004-10-30T16:32:09,420.0,ACS   ,WFC1,CLEAR1L;F814W,8047.561,10174,KOOPMANS,2005-05-01T20:38:05,J93I45M5Q,,
J93I09GRQ,0902-52409-577,148.3350833333,52.09547222222,49,2004-09-14T03:05:52.937000,2004-09-14T03:12:53.987000,420.0,ACS   ,WFC1,CLEAR1L;F435W,4329.1904,10174,KOOPMANS,2005-03-16T10:02:20,J93I09GRQ,,
J93I09GSQ,0902-52409-577,148.3350833333,52.09547222222,49,2004-09-14T03:15:30.920000,2004-09-14T03:22:31.970000,420.0,ACS   ,WFC1,CLEAR1L;F814W,8047.5283,10174,KOOPMANS,2005-03-16T10:04:51,J93I09GSQ,,
J93I07CDQ,0910-52377-503,202.6897083333,-1.811566666667,49,2004-08-16T18:24:35.877000,2004-08-16T18:31:36.923000,420.0,ACS   ,WFC1,CLEAR1L;F435W,4329.1865,10174,KOOPMANS,2005-02-15T21:54:07,J93I07CDQ,,
J93I07CEQ,0910-52377-503,202.6897083333,-1.811566666667,49,2004-08-16T18:34:13.893000,2004-08-16T18:41:14.940000,420.0,ACS   ,WFC1,CLEAR1L;F814W,8047.5083,10174,KOOPMANS,2005-02-15T21:56:37,J93I07CEQ,,
J93I11BTQ,0921-52380-293,222.8674583333,-2.660119444444,49,2005-05-07T12:40:39.203000,2005-05-07T12:47:40.253000,420.0,ACS   ,WFC1,CLEAR1L;F435W,4329.2231,10174,KOOPMANS,2005-11-09T04:08:14,J93I11BTQ,,
J93I11BUQ,0921-52380-293,222.8674583333,-2.660119444444,49,2005-05-07T12:50:17.220000,2005-05-07T12:57:18.237000,420.0,ACS   ,WFC1,CLEAR1L;F814W,8047.6929,10174,KOOPMANS,2005-11-09T04:12:44,J93I11BUQ,,
J93I02FCQ,0969-52442-134,181.4185,49.17482777778,49,2005-03-08T00:47:32.140000,2005-03-08T00:54:33.187000,420.0,ACS   ,WFC1,CLEAR1L;F435W,4329.2148,10174,KOOPMANS,2005-09-07T08:10:47,J93I02FCQ,,
J93I02FDQ,0969-52442-134,181.4185,49.17482777778,49,2005-03-08T00:57:10.157000,2005-03-08T01:04:11.203000,420.0,ACS   ,WFC1,CLEAR1L;F814W,8047.6509,10174,KOOPMANS,2005-09-07T08:16:47,J93I02FDQ,,
J93I26OSQ,0973-52426-464,255.5698333333,33.345775,49,2004-08-11T20:14:05.893000,2004-08-11T20:21:06.940000,420.0,ACS   ,WFC1,CLEAR1L;F435W,4329.1855,10174,KOOPMANS,2005-02-12T12:17:24,J93I26OSQ,,
J93I26OTQ,0973-52426-464,255.5698333333,33.345775,49,2004-08-11T20:23:43.877000,2004-08-11T20:30:44.923000,420.0,ACS   ,WFC1,CLEAR1L;F814W,8047.5049,10174,KOOPMANS,2005-02-11T21:53:25,J93I26OTQ,,
J9OP01010,SDSSJ0008-0004,2.012310559609,-0.06897320162024,40,2006-09-06T08:13:05.107000,2006-09-06T08:44:24.140000,1566.0,ACS   ,WFC1,CLEAR1L;F814W,8045.1514,10886,BOLTON,2006-09-06T17:46:38,J9OP01010,,
U9OP6301M,SDSSJ0008-0004-COPY,1.999961005391,-0.07440948882722,40,2007-05-24T07:55:16.810000,2007-05-24T08:01:56.810000,400.0,WFPC2 ,WF3,F606W,5997.0,10886,BOLTON,2007-05-24T22:20:27,U9OP6301M,,
U9OP6302M,SDSSJ0008-0004-COPY,2.00007522766,-0.07430429400705,40,2007-05-24T08:07:16.810000,2007-05-24T08:13:56.810000,400.0,WFPC2 ,WF3,F606W,5997.0,10886,BOLTON,2007-05-24T22:21:57,U9OP6302M,,
U9OP6303M,SDSSJ0008-0004-COPY,2.000229722419,-0.07428867145469,40,2007-05-24T09:26:16.810000,2007-05-24T09:32:56.810000,400.0,WFPC2 ,WF3,F606W,5997.0,10886,BOLTON,2007-05-24T22:23:30,U9OP6303M,,
U9OP6304M,SDSSJ0008-0004-COPY,2.000115500151,-0.07439386627527,40,2007-05-24T09:38:16.810000,2007-05-24T09:44:56.810000,400.0,WFPC2 ,WF3,F606W,5997.0,10886,BOLTON,2007-05-24T22:25:01,U9OP6304M,,
J9EM03KSQ,SDSSJ0028-0929,7.074458333333,-9.492861111111,27,2005-10-20T04:26:15.577000,2005-10-20T04:33:16.767000,420.0,ACS   ,WFC1,CLEAR1L;F435W,4329.2466,10587,BOLTON,2006-10-20T14:49:28.837000,J9EM03KSQ,,
J9EM03KTQ,SDSSJ0028-0929,7.074458333333,-9.492861111111,27,2005-10-20T04:35:53.557000,2005-10-20T04:42:54.747000,420.0,ACS   ,WFC1,CLEAR1L;F814W,8047.8091,10587,BOLTON,2006-10-20T14:59:27.010000,J9EM03KTQ,,
J9OP02010,SDSSJ0029-0055,7.282348881592,-0.9307202053775,40,2006-09-12T16:05:25.150000,2006-09-12T16:48:02.167000,2088.0,ACS   ,WFC1,CLEAR1L;F814W,8045.1558,10886,BOLTON,2006-09-12T22:37:40,J9OP02010,,
J9EM47AYQ,SDSSJ0044+0113,11.01208333333,1.220138888889,27,2006-06-12T05:24:33.973000,2006-06-12T05:31:35.023000,420.0,ACS   ,WFC1,CLEAR1L;F814W,8047.9731,10587,BOLTON,2007-06-12T14:44:46.453000,J9EM47AYQ,,
J9EM0PEWQ,SDSSJ0109+1500,17.39058333333,15.00902777778,27,2006-06-16T07:01:13.027000,2006-06-16T07:08:14.073000,420.0,ACS   ,WFC1,CLEAR1L;F814W,8047.9761,10587,BOLTON,2007-06-16T17:02:30.790000,J9EM0PEWQ,,
J9OP03010,SDSSJ0157-0056,29.49555661681,-0.9406084736719,40,2006-08-24T13:19:45.107000,2006-08-24T14:02:22.123000,2088.0,ACS   ,WFC1,CLEAR1L;F814W,8045.142475000001,10886,BOLTON,2006-08-25T06:23:56,J9OP03010,,
J9OP04010,SDSSJ0252+0039,43.18833963809,0.666212458955,40,2006-10-02T19:02:20.160000,2006-10-02T19:44:57.207000,2088.0,ACS   ,WFC1,CLEAR1L;F814W,8045.1699,10886,BOLTON,2006-10-03T12:25:49,J9OP04010,,
J9OP05010,SDSSJ0330-0020,52.55055272469,-0.3477702178823,40,2006-09-16T14:33:51.137000,2006-09-16T15:16:28.183000,2088.0,ACS   ,WFC1,CLEAR1L;F814W,8045.1587,10886,BOLTON,2006-09-17T08:12:11,J9OP05010,,
J9EM61PFQ,SDSSJ0354-0648,58.743625,-6.811888888889,27,2005-08-11T01:17:36.383000,2005-08-11T01:24:37.430000,420.0,ACS   ,WFC1,CLEAR1L;F435W,4329.2368,10587,BOLTON,2006-08-11T06:38:09.893000,J9EM61PFQ,,
J9EM61PGQ,SDSSJ0354-0648,58.743625,-6.811888888889,27,2005-08-11T01:27:14.397000,2005-08-11T01:34:15.447000,420.0,ACS   ,WFC1,CLEAR1L;F814W,8047.7598,10587,BOLTON,2006-08-11T06:41:46.283000,J9EM61PGQ,,
J9EM13QBQ,SDSSJ0405-0455,61.39758333333,-4.931222222222,27,2006-11-10T05:31:22.233000,2006-11-10T05:38:23.280000,420.0,ACS   ,WFC1,CLEAR1L;F814W,8045.1973,10587,BOLTON,2007-11-10T17:02:57.623000,J9EM13QBQ,,
J9OP06010,SDSSJ0728+3835,112.0205809487,38.5904595697,40,2006-10-09T03:12:29.183000,2006-10-09T03:55:34.200000,2116.0,ACS   ,WFC1,CLEAR1L;F814W,8045.1743,10886,BOLTON,2006-10-09T11:20:51,J9OP06010,,
J9EM18EDQ,SDSSJ0742+3450,115.716,34.83383333333,27,2006-09-19T05:30:49.153000,2006-09-19T05:37:50.167000,420.0,ACS   ,WFC1,CLEAR1L;F814W,8045.1606,10587,BOLTON,2007-09-19T14:59:04.233000,J9EM18EDQ,,
J9EM43WAQ,SDSSJ0758+3034,119.6445,30.57869444444,27,2006-01-15T08:12:38.773000,2006-01-15T08:19:39.820000,420.0,ACS   ,WFC1,CLEAR1L;F435W,4329.2588,10587,BOLTON,2007-01-15T17:43:59.047000,J9EM43WAQ,,
J9EM43WBQ,SDSSJ0758+3034,119.6445,30.57869444444,27,2006-01-15T08:22:16.757000,2006-01-15T08:29:17.803000,420.0,ACS   ,WFC1,CLEAR1L;F814W,8047.8696,10587,BOLTON,2007-01-15T17:53:38.873000,J9EM43WBQ,,
J9OP07010,SDSSJ0808+4706,122.2448628206,47.11080393226,40,2006-09-17T02:11:36.127000,2006-09-17T02:55:05.177000,2140.0,ACS   ,WFC1,CLEAR1L;F814W,8045.1587,10886,BOLTON,2006-09-17T23:03:21,J9OP07010,,
J9OP08010,SDSSJ0822+2652,125.6762957008,26.87873520538,40,2006-12-06T16:27:57.280000,2006-12-06T17:10:54.297000,2108.0,ACS   ,WFC1,CLEAR1L;F814W,8045.2158,10886,BOLTON,2006-12-07T20:23:07,J9OP08010,,
J9OP09010,SDSSJ0841+3824,130.369995241,38.40380086567,40,2006-10-04T19:23:03.167000,2006-10-04T20:06:08.217000,2116.0,ACS   ,WFC1,CLEAR1L;F814W,8045.1714,10886,BOLTON,2006-10-05T12:18:40,J9OP09010,,
J9EM46T9Q,SDSSJ0847+0318,131.7787083333,3.30625,27,2006-01-14T08:18:04.757000,2006-01-14T08:25:05.803000,420.0,ACS   ,WFC1,CLEAR1L;F435W,4329.2588,10587,BOLTON,2007-01-14T10:52:46.700000,J9EM46T9Q,,
J9EM46TAQ,SDSSJ0847+0318,131.7787083333,3.30625,27,2006-01-14T08:27:42.773000,2006-01-14T08:34:43.820000,420.0,ACS   ,WFC1,CLEAR1L;F814W,8047.8691,10587,BOLTON,2007-01-14T15:18:16.570000,J9EM46TAQ,,
J9OP11010,SDSSJ0903+3139,135.8312946046,31.66420612797,40,2006-12-13T08:25:56.257000,2006-12-13T10:13:51.320000,2108.0,ACS   ,WFC1,CLEAR1L;F814W,8045.2202,10886,BOLTON,2006-12-13T21:54:14,J9OP11010,,
J9OP10010,SDSSJ0903+4116,135.8132432128,41.26919005314,40,2006-10-09T01:41:26.177000,2006-10-09T02:24:43.223000,2128.0,ACS   ,WFC1,CLEAR1L;F814W,8045.1743,10886,BOLTON,2006-10-09T10:42:44,J9OP10010,,
J9OP12010,SDSSJ0910+0520,137.7212550724,5.339773526671,40,2006-12-13T05:13:03.267000,2006-12-13T06:55:05.307000,2088.0,ACS   ,WFC1,CLEAR1L;F814W,8045.2202,10886,BOLTON,2006-12-13T19:29:44,J9OP12010,,
J9EM05HAQ,SDSSJ0912+4136,138.1845833333,41.61027777778,27,2006-05-26T22:41:33.973000,2006-05-26T22:48:35.023000,420.0,ACS   ,WFC1,CLEAR1L;F814W,8047.9619,10587,BOLTON,2007-05-27T02:03:58.033000,J9EM05HAQ,,
J9EM66BDQ,SDSSJ0925+0814,141.4972916667,8.236611111111,27,2005-11-21T07:38:31.537000,2005-11-21T07:45:32.583000,420.0,ACS   ,WFC1,CLEAR1L;F435W,4329.251,10587,BOLTON,2006-11-21T12:19:26.710000,J9EM66BDQ,,
J9EM66BEQ,SDSSJ0925+0814,141.4972916667,8.236611111111,27,2005-11-21T07:48:09.553000,2005-11-21T07:55:10.567000,420.0,ACS   ,WFC1,CLEAR1L;F814W,8047.8315,10587,BOLTON,2006-11-21T12:29:42.807000,J9EM66BEQ,,
J9EM28IYQ,SDSSJ0934+6034,143.60475,60.57308333333,27,2006-05-27T06:41:16.983000,2006-05-27T06:48:18.030000,420.0,ACS   ,WFC1,CLEAR1L;F814W,8047.9619,10587,BOLTON,2007-05-27T12:16:23.643000,J9EM28IYQ,,
J9OP13010,SDSSJ0936+0913,144.0031716968,9.226604955342,40,2006-12-09T10:13:29.280000,2006-12-09T12:00:54.297000,2088.0,ACS   ,WFC1,CLEAR1L;F814W,8045.2178,10886,BOLTON,2006-12-10T04:20:00,J9OP13010,,
J9OP14010,SDSSJ0946+1006,146.7361302108,10.11465907913,40,2006-11-03T03:04:51.183000,2006-11-03T04:55:06.217000,2096.0,ACS   ,WFC1,CLEAR1L;F814W,8045.1919,10886,BOLTON,2006-11-03T22:27:25,J9OP14010,,
J9EM37E8Q,SDSSJ0955+0101,148.8321666667,1.029,27,2006-01-31T08:08:54.800000,2006-01-31T08:15:55.847000,420.0,ACS   ,WFC1,CLEAR1L;F435W,4329.2612,10587,BOLTON,2007-01-31T17:42:09.383000,J9EM37E8Q,,
J9EM37E9Q,SDSSJ0955+0101,148.8321666667,1.029,27,2006-01-31T08:18:32.817000,2006-01-31T08:25:33.863000,420.0,ACS   ,WFC1,CLEAR1L;F814W,8047.8809,10587,BOLTON,2007-01-31T17:42:20.213000,J9EM37E9Q,,
J9OP15010,SDSSJ0959+4416,149.7539546447,44.27759404853,40,2006-12-12T13:17:57.280000,2006-12-12T14:56:12.313000,2128.0,ACS   ,WFC1,CLEAR1L;F814W,8045.2197,10886,BOLTON,2006-12-13T02:48:40,J9OP15010,,
J9OP16010,SDSSJ1016+3859,154.0952029772,38.98425309631,40,2006-10-19T09:29:54.190000,2006-10-19T09:38:44.327000,0.0,ACS   ,WFC1,CLEAR1L;F814W,8045.1816,10886,BOLTON,2006-10-20T02:23:10,J9OP16010,,
J9OPA6010,SDSSJ1016+3859-COPY,154.095202899,38.98424773271,40,2006-12-14T08:23:38.273000,2006-12-14T08:43:53.307000,1058.0,ACS   ,WFC1,CLEAR1L;F814W,8045.2212,10886,BOLTON,2006-12-15T14:56:11,J9OPA6010,,
J9OP17010,SDSSJ1020+1122,155.1105464685,11.37807704866,40,2006-12-17T15:05:51.267000,2006-12-17T16:39:12.313000,2096.0,ACS   ,WFC1,CLEAR1L;F814W,8045.22335,10886,BOLTON,2006-12-18T06:17:03,J9OP17010,,
J9OP18010,SDSSJ1023+4230,155.8843671514,42.50050359386,40,2006-10-14T22:22:57.197000,2006-10-14T23:06:14.217000,2128.0,ACS   ,WFC1,CLEAR1L;F814W,8045.1787,10886,BOLTON,2006-10-15T06:59:51,J9OP18010,,
J9OP19010,SDSSJ1029+0420,157.3455472801,4.333826039262,40,2006-11-02T03:08:45.200000,2006-11-02T04:56:21.223000,2088.0,ACS   ,WFC1,CLEAR1L;F814W,8045.1914,10886,BOLTON,2006-11-02T23:41:33,J9OP19010,,
J9EM86O8Q,SDSSJ1029+6115,157.36475,61.25141666667,27,2006-12-27T08:18:10.273000,2006-12-27T08:25:11.290000,420.0,ACS   ,WFC1,CLEAR1L;F814W,8045.23,10587,BOLTON,2007-12-27T22:58:49.480000,J9EM86O8Q,,
J9OP20010,SDSSJ1032+5322,158.1492770651,53.37637590526,40,2006-10-03T22:41:35.167000,2006-10-03T22:50:35.320000,0.0,ACS   ,WFC1,CLEAR1L;F814W,8045.1709,10886,BOLTON,2006-10-04T02:26:13,J9OP20010,,
J9OPB0010,SDSSJ1032+5322-COPY,158.1492723325,53.37635648986,40,2006-12-05T10:10:37.280000,2006-12-05T11:52:54.297000,2156.0,ACS   ,WFC1,CLEAR1L;F814W,8045.2148,10886,BOLTON,2006-12-06T03:36:31,J9OPB0010,,
U9OP5101M,SDSSJ1038-0024,159.7328693963,-0.4024126283476,40,2007-12-12T21:13:17.157000,2007-12-12T21:19:57.157000,400.0,WFPC2 ,WF3,F606W,5997.0,10886,BOLTON,2007-12-13T11:59:44,U9OP5101M,,
U9OP5102M,SDSSJ1038-0024,159.7330161399,-0.4024634225344,40,2007-12-12T21:25:17.157000,2007-12-12T21:31:57.157000,400.0,WFPC2 ,WF3,F606W,5997.0,10886,BOLTON,2007-12-13T11:32:10,U9OP5102M,,
U9OP5103M,SDSSJ1038-0024,159.7331030575,-0.4025921018378,40,2007-12-12T21:37:17.157000,2007-12-12T21:43:57.157000,400.0,WFPC2 ,WF3,F606W,5997.0,10886,BOLTON,2007-12-13T11:33:43,U9OP5103M,,
U9OP5104M,SDSSJ1038-0024,159.7329563139,-0.4025413076525,40,2007-12-12T21:49:17.157000,2007-12-12T21:55:57.157000,400.0,WFPC2 ,WF3,F606W,5997.0,10886,BOLTON,2007-12-13T11:34:27,U9OP5104M,,
J9EM07U4Q,SDSSJ1039+0513,159.7675833333,5.226583333333,27,2006-02-18T23:54:47.793000,2006-02-19T00:01:48.840000,420.0,ACS   ,WFC1,CLEAR1L;F814W,8047.894,10587,BOLTON,2007-02-19T15:34:34.617000,J9EM07U4Q,,
J9EM0GQYQ,SDSSJ1039+0933,159.99075,9.564194444444,27,2006-01-21T08:15:21.780000,2006-01-21T08:22:22.827000,420.0,ACS   ,WFC1,CLEAR1L;F435W,4329.2598,10587,BOLTON,2007-01-21T15:18:59.760000,J9EM0GQYQ,,
J9EM0GQZQ,SDSSJ1039+0933,159.99075,9.564194444444,27,2006-01-21T08:24:59.763000,2006-01-21T08:32:00.813000,420.0,ACS   ,WFC1,CLEAR1L;F814W,8047.874,10587,BOLTON,2007-01-21T15:28:49.537000,J9EM0GQZQ,,
J9OP22010,SDSSJ1046+4151,161.5288258588,41.85446979762,40,2006-11-17T02:54:12.217000,2006-11-17T04:35:09.263000,2128.0,ACS   ,WFC1,CLEAR1L;F814W,8045.2018,10886,BOLTON,2006-11-17T12:52:17,J9OP22010,,
J9EM0SEDQ,SDSSJ1100+5329,165.101625,53.48713888889,27,2005-10-18T05:19:20.227000,2005-10-18T05:26:21.157000,420.0,ACS   ,WFC1,CLEAR1L;F435W,4329.2461,10587,BOLTON,2006-10-18T08:55:03.600000,J9EM0SEDQ,,
J9EM0SEEQ,SDSSJ1100+5329,165.101625,53.48713888889,27,2005-10-18T05:28:58.217000,2005-10-18T05:35:59.147000,420.0,ACS   ,WFC1,CLEAR1L;F814W,8047.8076,10587,BOLTON,2006-10-18T15:24:25.437000,J9EM0SEEQ,,
J9OP23010,SDSSJ1103+5322,165.7841551751,53.37451843605,40,2006-10-03T21:07:01.183000,2006-10-03T21:50:46.200000,2156.0,ACS   ,WFC1,CLEAR1L;F814W,8045.1709,10886,BOLTON,2006-10-04T02:26:10,J9OP23010,,
J9EM25AEQ,SDSSJ1106+5228,166.6923333333,52.47713888889,27,2005-10-16T05:21:30.510000,2005-10-16T05:28:31.557000,420.0,ACS   ,WFC1,CLEAR1L;F435W,4329.2461,10587,BOLTON,2006-10-16T12:16:57.310000,J9EM25AEQ,,
J9EM25AFQ,SDSSJ1106+5228,166.6923333333,52.47713888889,27,2005-10-16T05:31:08.493000,2005-10-16T05:38:09.543000,420.0,ACS   ,WFC1,CLEAR1L;F814W,8047.8062,10587,BOLTON,2006-10-16T12:17:03.490000,J9EM25AFQ,,
J9EM68KKQ,SDSSJ1108+0252,167.07375,2.878138888889,27,2006-02-02T11:20:08.817000,2006-02-02T11:27:09.863000,420.0,ACS   ,WFC1,CLEAR1L;F435W,4329.2612,10587,BOLTON,2007-02-02T18:18:05.533000,J9EM68KKQ,,
J9EM68KLQ,SDSSJ1108+0252,167.07375,2.878138888889,27,2006-02-02T11:29:46.800000,2006-02-02T11:36:47.847000,420.0,ACS   ,WFC1,CLEAR1L;F814W,8047.8823,10587,BOLTON,2007-02-03T03:10:25.453000,J9EM68KLQ,,
J9EM0LD8Q,SDSSJ1112+0826,168.2108333333,8.436222222222,27,2006-02-28T02:54:21.807000,2006-02-28T03:01:22.857000,420.0,ACS   ,WFC1,CLEAR1L;F814W,8047.9004,10587,BOLTON,2007-02-28T08:23:04.463000,J9EM0LD8Q,,
J9EM83CHQ,SDSSJ1134+6027,173.5245,60.45366666667,27,2006-02-07T08:42:09.807000,2006-02-07T08:49:10.857000,420.0,ACS   ,WFC1,CLEAR1L;F814W,8047.8857,10587,BOLTON,2007-02-07T18:50:41.180000,J9EM83CHQ,,
J9EM58F5Q,SDSSJ1136+0426,174.1505416667,4.440277777778,27,2005-12-20T05:56:12.557000,2005-12-20T06:03:13.607000,420.0,ACS   ,WFC1,CLEAR1L;F435W,4329.2554,10587,BOLTON,2006-12-20T10:44:12.317000,J9EM58F5Q,,
J9EM58F6Q,SDSSJ1136+0426,174.1505416667,4.440277777778,27,2005-12-20T06:05:50.573000,2005-12-20T06:12:51.620000,420.0,ACS   ,WFC1,CLEAR1L;F814W,8047.8516,10587,BOLTON,2006-12-20T10:54:34.700000,J9EM58F6Q,,
J9EM08ABQ,SDSSJ1140+5640,175.219625,56.679,27,2005-10-24T05:13:09.533000,2005-10-24T05:20:10.583000,420.0,ACS   ,WFC1,CLEAR1L;F435W,4329.2471,10587,BOLTON,2006-10-24T11:48:03.290000,J9EM08ABQ,,
J9EM08ACQ,SDSSJ1140+5640,175.219625,56.679,27,2005-10-24T05:22:47.517000,2005-10-24T05:29:48.567000,420.0,ACS   ,WFC1,CLEAR1L;F814W,8047.8115,10587,BOLTON,2006-10-24T11:48:09.517000,J9EM08ACQ,,
J9OP24010,SDSSJ1142+1001,175.7389212093,10.01994142014,40,2006-11-18T04:28:56.217000,2006-11-18T06:10:25.267000,2096.0,ACS   ,WFC1,CLEAR1L;F814W,8045.2026,10886,BOLTON,2006-11-19T01:09:25,J9OP24010,,
J9EM32F4Q,SDSSJ1143-0144,175.8735,-1.741666666667,27,2006-02-13T17:54:49.807000,2006-02-13T18:01:50.857000,420.0,ACS   ,WFC1,CLEAR1L;F814W,8047.8906,10587,BOLTON,2007-02-14T10:17:02.380000,J9EM32F4Q,,
J9EM33ECQ,SDSSJ1152+0054,178.037375,0.9086111111111,27,2006-01-17T08:25:38.773000,2006-01-17T08:32:39.820000,420.0,ACS   ,WFC1,CLEAR1L;F435W,4329.2593,10587,BOLTON,2007-01-17T15:01:43.673000,J9EM33ECQ,,
J9EM33EDQ,SDSSJ1152+0054,178.037375,0.9086111111111,27,2006-01-17T08:35:16.757000,2006-01-17T08:42:17.803000,420.0,ACS   ,WFC1,CLEAR1L;F814W,8047.8711,10587,BOLTON,2007-01-17T19:53:31.453000,J9EM33EDQ,,
J9OP25010,SDSSJ1153+4612,178.2949056269,46.20147607825,40,2006-11-23T05:47:32.217000,2006-11-23T06:31:01.263000,2140.0,ACS   ,WFC1,CLEAR1L;F814W,8045.2061,10886,BOLTON,2006-11-23T16:24:58,J9OP25010,,
J9OP26010,SDSSJ1159+5447,179.7726881189,54.79396368595,40,2006-12-25T03:52:52.257000,2006-12-25T04:51:35.320000,2156.0,ACS   ,WFC1,CLEAR1L;F814W,8045.2285,10886,BOLTON,2006-12-25T19:18:55,J9OP26010,,
J9EM91UZQ,SDSSJ1203+0233,180.8536666667,2.550277777778,27,2006-03-19T09:07:52.727000,2006-03-19T09:14:53.657000,420.0,ACS   ,WFC1,CLEAR1L;F814W,8047.9141,10587,BOLTON,2007-03-19T14:37:56.520000,J9EM91UZQ,,
J9OP27010,SDSSJ1211+4550,182.9947398849,45.84350666398,40,2006-11-20T01:05:49.240000,2006-11-20T01:49:18.257000,2140.0,ACS   ,WFC1,CLEAR1L;F814W,8045.2041,10886,BOLTON,2006-11-20T04:18:30,J9OP27010,,
J9EM51KSQ,SDSSJ1213+6708,183.4190833333,67.14130555556,27,2006-02-09T15:01:56.817000,2006-02-09T15:08:57.960000,0.0,ACS   ,WFC1,CLEAR1L;F814W,8047.8877,10587,BOLTON,2007-02-09T21:48:04.023000,J9EM51KSQ,,
J9OP28010,SDSSJ1213+6708,183.4189966269,67.14140341999,40,2006-11-06T06:25:12.177000,2006-11-06T07:10:21.223000,2240.0,ACS   ,WFC1,CLEAR1L;F814W,8045.1943,10886,BOLTON,2006-11-06T20:13:30,J9OP28010,,
J9OP29010,SDSSJ1218+0830,184.6112154085,8.513958983149,40,2007-01-18T09:26:59.307000,2007-01-18T10:09:36.357000,2088.0,ACS   ,WFC1,CLEAR1L;F814W,8045.2456,10886,BOLTON,2007-01-18T18:35:09,J9OP29010,,
J9EM11ESQ,SDSSJ1244+0111,191.108375,1.196361111111,27,2006-01-24T11:37:07.763000,2006-01-24T11:44:08.813000,420.0,ACS   ,WFC1,CLEAR1L;F435W,4329.2603,10587,BOLTON,2007-01-24T17:12:54.637000,J9EM11ESQ,,
J9EM11ETQ,SDSSJ1244+0111,191.108375,1.196361111111,27,2006-01-24T11:46:45.780000,2006-01-24T11:53:46.797000,420.0,ACS   ,WFC1,CLEAR1L;F814W,8047.8765,10587,BOLTON,2007-01-24T17:23:13.923000,J9EM11ETQ,,
U9OP5201M,SDSSJ1306+0600,196.5445723592,6.00037334283,40,2007-03-23T11:28:16.590000,2007-03-23T11:34:56.590000,400.0,WFPC2 ,WF3,F606W,5997.0,10886,BOLTON,2007-03-23T22:26:33,U9OP5201M,,
U9OP5202M,SDSSJ1306+0600,196.5446845921,6.000481296837,40,2007-03-23T11:40:16.590000,2007-03-23T11:46:56.590000,400.0,WFPC2 ,WF3,F606W,5997.0,10886,BOLTON,2007-03-23T22:28:07,U9OP5202M,,
U9OP5203M,SDSSJ1306+0600,196.5448395077,6.000500689178,40,2007-03-23T11:52:16.590000,2007-03-23T11:58:56.590000,400.0,WFPC2 ,WF3,F606W,5997.0,10886,BOLTON,2007-03-23T22:28:39,U9OP5203M,,
U9OP5204M,SDSSJ1306+0600,196.5447272748,6.000392735203,40,2007-03-23T12:58:16.590000,2007-03-23T13:04:56.590000,400.0,WFPC2 ,WF3,F606W,5997.0,10886,BOLTON,2007-03-23T22:30:45,U9OP5204M,,
J9EM75FXQ,SDSSJ1313+0506,198.3612916667,5.115888888889,27,2006-04-10T11:53:10.887000,2006-04-10T12:00:11.937000,420.0,ACS   ,WFC1,CLEAR1L;F814W,8047.9292,10587,BOLTON,2007-04-11T17:05:21.023000,J9EM75FXQ,,
U9OP5301M,SDSSJ1313+4615,198.2537061264,46.24158315364,40,2007-03-20T08:10:16.587000,2007-03-20T08:16:56.587000,400.0,WFPC2 ,WF3,F606W,5997.0,10886,BOLTON,2007-03-20T20:33:19,U9OP5301M,,
U9OP5302M,SDSSJ1313+4615,198.2537327719,46.24173733874,40,2007-03-20T08:22:16.587000,2007-03-20T08:28:56.587000,400.0,WFPC2 ,WF3,F606W,5997.0,10886,BOLTON,2007-03-20T20:35:18,U9OP5302M,,
U9OP5303M,SDSSJ1313+4615,198.2538878492,46.24184962958,40,2007-03-20T08:34:16.587000,2007-03-20T08:40:56.587000,400.0,WFPC2 ,WF3,F606W,5997.0,10886,BOLTON,2007-03-20T20:36:50,U9OP5303M,,
U9OP5304M,SDSSJ1313+4615,198.2538612032,46.24169544452,40,2007-03-20T09:46:16.587000,2007-03-20T09:52:56.587000,400.0,WFPC2 ,WF3,F606W,5997.0,10886,BOLTON,2007-03-20T20:37:21,U9OP5304M,,
U9OP5401M,SDSSJ1318-0313,199.6504301761,-3.22450838701,40,2007-03-23T14:34:16.590000,2007-03-23T14:40:56.590000,400.0,WFPC2 ,WF3,F606W,5997.0,10886,BOLTON,2007-03-23T22:31:59,U9OP5401M,,
U9OP5402M,SDSSJ1318-0313,199.650582435,-3.224476713238,40,2007-03-23T14:46:16.590000,2007-03-23T14:52:56.590000,400.0,WFPC2 ,WF3,F606W,5997.0,10886,BOLTON,2007-03-23T22:33:27,U9OP5402M,,
U9OP5403M,SDSSJ1318-0313,199.6507232766,-3.224542584911,40,2007-03-23T14:58:16.590000,2007-03-23T15:04:56.590000,400.0,WFPC2 ,WF3,F606W,5997.0,10886,BOLTON,2007-03-23T22:34:28,U9OP5403M,,
U9OP5404M,SDSSJ1318-0313,199.6505710176,-3.224574258705,40,2007-03-23T15:10:16.590000,2007-03-23T15:16:56.590000,400.0,WFPC2 ,WF3,F606W,5997.0,10886,BOLTON,2007-03-23T22:35:36,U9OP5404M,,
U9OP5501M,SDSSJ1319+1504,199.8862723169,15.06038858128,40,2007-04-17T17:17:16.627000,2007-04-17T17:23:56.627000,400.0,WFPC2 ,WF3,F606W,5997.0,10886,BOLTON,2007-04-19T06:13:55,U9OP5501M,,
U9OP5502M,SDSSJ1319+1504,199.8862112608,15.06053223539,40,2007-04-17T17:29:16.627000,2007-04-17T17:35:56.627000,400.0,WFPC2 ,WF3,F606W,5997.0,10886,BOLTON,2007-04-19T06:14:58,U9OP5502M,,
U9OP5503M,SDSSJ1319+1504,199.8862516743,15.06068253402,40,2007-04-17T17:41:16.627000,2007-04-17T17:47:56.627000,400.0,WFPC2 ,WF3,F606W,5997.0,10886,BOLTON,2007-04-19T17:55:09,U9OP5503M,,
U9OP5504M,SDSSJ1319+1504,199.8863127304,15.06053887989,40,2007-04-17T17:53:16.627000,2007-04-17T17:59:56.627000,400.0,WFPC2 ,WF3,F606W,5997.0,10886,BOLTON,2007-04-19T17:56:11,U9OP5504M,,
U9OP5601M,SDSSJ1325+4145,201.4848841112,41.73749484221,40,2007-04-26T15:31:16.640000,2007-04-26T15:37:56.640000,400.0,WFPC2 ,WF3,F606W,5997.0,10886,BOLTON,2007-04-27T03:39:10,U9OP5601M,,
U9OP5602M,SDSSJ1325+4145,201.4847709498,41.73762515848,40,2007-04-26T15:43:16.640000,2007-04-26T15:49:56.640000,400.0,WFPC2 ,WF3,F606W,5997.0,10886,BOLTON,2007-04-27T03:40:43,U9OP5602M,,
U9OP5603M,SDSSJ1325+4145,201.4847852042,41.73778007625,40,2007-04-26T15:55:16.640000,2007-04-26T16:01:56.640000,400.0,WFPC2 ,WF3,F606W,5997.0,10886,BOLTON,2007-04-27T03:41:43,U9OP5603M,,
U9OP5604M,SDSSJ1325+4145,201.4848983659,41.73764975996,40,2007-04-26T16:07:16.640000,2007-04-26T16:13:56.640000,400.0,WFPC2 ,WF3,F606W,5997.0,10886,BOLTON,2007-04-27T03:43:15,U9OP5604M,,
J9EM48ZIQ,SDSSJ1343+6027,205.784375,60.46522222222,27,2005-08-05T17:14:34.397000,2005-08-05T17:21:35.327000,420.0,ACS   ,WFC1,CLEAR1L;F435W,4329.2358,10587,BOLTON,2006-08-05T23:03:26.920000,J9EM48ZIQ,,
J9EM48ZJQ,SDSSJ1343+6027,205.784375,60.46522222222,27,2005-08-05T17:24:12.383000,2005-08-05T17:31:13.313000,420.0,ACS   ,WFC1,CLEAR1L;F814W,8047.7559,10587,BOLTON,2006-08-06T09:21:42.680000,J9EM48ZJQ,,
J9EM01A9Q,SDSSJ1343+6052,205.7885,60.86933333333,27,2006-07-17T01:12:14.063000,2006-07-17T01:19:15.077000,420.0,ACS   ,WFC1,CLEAR1L;F814W,8045.1152,10587,BOLTON,2007-07-17T04:08:19.030000,J9EM01A9Q,,
J9EM99J6Q,SDSSJ1403+0006,210.872875,0.1114722222222,27,2006-03-08T06:07:49.867000,2006-03-08T06:14:50.913000,420.0,ACS   ,WFC1,CLEAR1L;F814W,8047.9062,10587,BOLTON,2007-03-08T19:06:47.017000,J9EM99J6Q,,
J9OP35010,SDSSJ1416+5136,214.0930416792,51.60847045283,40,2006-11-13T07:53:07.227000,2006-11-13T09:36:13.267000,2156.0,ACS   ,WFC1,CLEAR1L;F814W,8045.1992,10886,BOLTON,2006-11-13T18:42:42,J9OP35010,,
J9OP36010,SDSSJ1430+4105,217.5170357549,41.09920219852,40,2006-12-18T02:11:05.280000,2006-12-18T02:54:22.297000,2128.0,ACS   ,WFC1,CLEAR1L;F814W,8045.2236,10886,BOLTON,2006-12-18T17:40:23,J9OP36010,,
J9EM65B2Q,SDSSJ1430+5115,217.666,51.25852777778,27,2006-04-13T08:58:50.887000,2006-04-13T09:05:51.937000,420.0,ACS   ,WFC1,CLEAR1L;F814W,8047.9316,10587,BOLTON,2007-04-13T14:13:02.943000,J9EM65B2Q,,
J9OP37010,SDSSJ1432+6317,218.0555675555,63.28442487923,40,2006-10-14T12:43:54.190000,2006-10-14T14:23:32.230000,2200.0,ACS   ,WFC1,CLEAR1L;F814W,8045.1782,10886,BOLTON,2006-10-14T20:43:54,J9OP37010,,
U9OP5701M,SDSSJ1436+3640,219.0161130765,36.6675748629,40,2007-04-20T18:53:16.633000,2007-04-20T18:59:56.633000,400.0,WFPC2 ,WF3,F606W,5997.0,10886,BOLTON,2007-04-21T06:04:53,U9OP5701M,,
U9OP5702M,SDSSJ1436+3640,219.0161366923,36.66772898569,40,2007-04-20T19:05:16.630000,2007-04-20T19:11:56.630000,400.0,WFPC2 ,WF3,F606W,5997.0,10886,BOLTON,2007-04-21T06:05:56,U9OP5702M,,
U9OP5703M,SDSSJ1436+3640,219.0162708728,36.66784091834,40,2007-04-20T19:17:16.633000,2007-04-20T19:23:56.633000,400.0,WFPC2 ,WF3,F606W,5997.0,10886,BOLTON,2007-04-21T21:51:17,U9OP5703M,,
U9OP5704M,SDSSJ1436+3640,219.0162472568,36.66768679557,40,2007-04-20T19:29:16.633000,2007-04-20T19:35:56.633000,400.0,WFPC2 ,WF3,F606W,5997.0,10886,BOLTON,2007-04-21T21:52:19,U9OP5704M,,
J9EM49P3Q,SDSSJ1436+4939,219.0395833333,49.65758333333,27,2006-03-17T11:21:19.850000,2006-03-17T11:28:20.897000,420.0,ACS   ,WFC1,CLEAR1L;F814W,8047.9126,10587,BOLTON,2007-03-18T00:48:49.387000,J9EM49P3Q,,
J9EM0OP5Q,SDSSJ1436-0000,219.11475,-0.008083333333333,27,2006-04-16T23:04:30.887000,2006-04-16T23:11:31.937000,420.0,ACS   ,WFC1,CLEAR1L;F814W,8047.9341,10587,BOLTON,2007-04-17T20:00:14.560000,J9EM0OP5Q,,
J9EM79JEQ,SDSSJ1448-0116,222.2427083333,-1.27075,27,2006-03-08T07:46:23.850000,2006-03-08T07:53:24.897000,420.0,ACS   ,WFC1,CLEAR1L;F814W,8047.9062,10587,BOLTON,2007-03-08T21:30:08.907000,J9EM79JEQ,,
J9EM95EUQ,SDSSJ1452-0058,223.0789583333,-0.9722777777778,27,2006-04-25T02:08:30.930000,2006-04-25T02:15:31.977000,420.0,ACS   ,WFC1,CLEAR1L;F814W,8047.9395,10587,BOLTON,2007-04-25T15:08:25.627000,J9EM95EUQ,,
J9EM0JWEQ,SDSSJ1515+6128,228.7715,61.48002777778,27,2005-11-26T06:36:40.557000,2005-11-26T06:43:41.607000,420.0,ACS   ,WFC1,CLEAR1L;F435W,4329.252,10587,BOLTON,2006-11-26T12:03:15.620000,J9EM0JWEQ,,
J9EM0JWFQ,SDSSJ1515+6128,228.7715,61.48002777778,27,2005-11-26T06:46:18.573000,2005-11-26T06:53:19.620000,420.0,ACS   ,WFC1,CLEAR1L;F814W,8047.835,10587,BOLTON,2006-11-26T12:03:19.710000,J9EM0JWFQ,,
J9EM41NJQ,SDSSJ1520-0034,230.037875,-0.5825555555556,27,2006-04-21T07:10:51.880000,2006-04-21T07:17:52.927000,420.0,ACS   ,WFC1,CLEAR1L;F814W,8047.937,10587,BOLTON,2007-04-21T13:51:13.250000,J9EM41NJQ,,
J9EM82I5Q,SDSSJ1524-0052,231.184875,-0.8692222222222,27,2006-05-21T16:04:33.763000,2006-05-21T16:11:34.893000,420.0,ACS   ,WFC1,CLEAR1L;F814W,8047.958,10587,BOLTON,2007-05-22T15:31:34.230000,J9EM82I5Q,,
J9EM60RWQ,SDSSJ1525+0114,231.352625,1.233805555556,27,2006-04-22T02:14:10.927000,2006-04-22T02:21:11.977000,420.0,ACS   ,WFC1,CLEAR1L;F814W,8047.9375,10587,BOLTON,2007-04-22T10:27:48.170000,J9EM60RWQ,,
J9OP39010,SDSSJ1525+3327,231.2778764508,33.46318150011,40,2006-12-19T04:00:08.257000,2006-12-19T04:43:05.307000,2108.0,ACS   ,WFC1,CLEAR1L;F814W,8045.2246,10886,BOLTON,2006-12-19T16:39:08,J9OP39010,,
U9OP5801M,SDSSJ1527+0314,231.9352878947,3.240403762081,40,2007-03-29T09:49:16.597000,2007-03-29T09:49:17.100000,0.5,WFPC2 ,WF3,F606W,5997.0,10886,BOLTON,2007-03-29T16:35:47,U9OP5801M,,
U9OP5802M,SDSSJ1527+0314,231.935426893,3.240473431729,40,2007-03-29T10:01:16.597000,2007-03-29T10:01:17.097000,0.5,WFPC2 ,WF3,F606W,5997.0,10886,BOLTON,2007-03-29T16:38:58,U9OP5802M,,
U9OP5803M,SDSSJ1527+0314,231.9355799604,3.240445901789,40,2007-03-29T11:21:16.600000,2007-03-29T11:27:56.600000,400.0,WFPC2 ,WF3,F606W,5997.0,10886,BOLTON,2007-03-29T16:39:03,U9OP5803M,,
U9OP5804M,SDSSJ1527+0314,231.9354409621,3.240376232162,40,2007-03-29T11:33:16.597000,2007-03-29T11:39:56.597000,400.0,WFPC2 ,WF3,F606W,5997.0,10886,BOLTON,2007-03-29T16:39:30,U9OP5804M,,
U9OPF801M,SDSSJ1527+0314-COPY,231.9367445748,3.235904418743,40,2007-04-18T00:11:16.627000,2007-04-18T00:17:56.627000,400.0,WFPC2 ,WF3,F606W,5997.0,10886,BOLTON,2007-04-19T18:16:45,U9OPF801M,,
U9OPF802M,SDSSJ1527+0314-COPY,231.9368510585,3.236017600014,40,2007-04-18T00:23:16.627000,2007-04-18T00:29:56.627000,400.0,WFPC2 ,WF3,F606W,5997.0,10886,BOLTON,2007-04-19T18:17:48,U9OPF802M,,
U9OPF803M,SDSSJ1527+0314-COPY,231.9370042627,3.236044356644,40,2007-04-18T01:41:16.627000,2007-04-18T01:47:56.627000,400.0,WFPC2 ,WF3,F606W,5997.0,10886,BOLTON,2007-04-19T18:19:19,U9OPF803M,,
U9OPF804M,SDSSJ1527+0314-COPY,231.936897779,3.235931175389,40,2007-04-18T01:53:16.627000,2007-04-18T01:59:56.627000,400.0,WFPC2 ,WF3,F606W,5997.0,10886,BOLTON,2007-04-19T18:20:22,U9OPF804M,,
J9EM90INQ,SDSSJ1531-0105,232.9586666667,-1.096,27,2006-03-15T09:17:27.850000,2006-03-15T09:24:28.897000,420.0,ACS   ,WFC1,CLEAR1L;F814W,8047.9111,10587,BOLTON,2007-03-16T01:18:50.673000,J9EM90INQ,,
J9OP41010,SDSSJ1537+4125,234.2968724336,41.43184901139,40,2006-12-22T03:58:52.257000,2006-12-22T04:42:09.307000,2128.0,ACS   ,WFC1,CLEAR1L;F814W,8045.2266,10886,BOLTON,2006-12-22T17:42:15,J9OP41010,,
J9EM72RKQ,SDSSJ1538+5817,234.5539166667,58.28602777778,27,2006-04-09T20:17:12.903000,2006-04-09T20:24:13.920000,420.0,ACS   ,WFC1,CLEAR1L;F814W,8047.9287,10587,BOLTON,2007-04-10T00:31:05.757000,J9EM72RKQ,,
J9OP42010,SDSSJ1541+4130,235.253164376,41.51632175128,40,2006-12-22T02:23:14.273000,2006-12-22T03:06:31.320000,2128.0,ACS   ,WFC1,CLEAR1L;F814W,8045.2266,10886,BOLTON,2006-12-22T16:58:37,J9OP42010,,
J9EM02PTQ,SDSSJ1550+5258,237.513,52.97958333333,27,2006-04-28T08:48:31.920000,2006-04-28T08:55:32.970000,420.0,ACS   ,WFC1,CLEAR1L;F814W,8047.9419,10587,BOLTON,2007-04-28T20:09:46.640000,J9EM02PTQ,,
J9OP43010,SDSSJ1604+3355,241.2228320831,33.92950880904,40,2007-01-07T19:31:45.323000,2007-01-07T20:14:42.340000,2108.0,ACS   ,WFC1,CLEAR1L;F814W,8045.2383,10886,BOLTON,2007-01-08T20:52:07,J9OP43010,,
J9EM96SHQ,SDSSJ1614+4522,243.65725,45.38147222222,27,2006-03-11T03:28:38.857000,2006-03-11T03:35:39.787000,420.0,ACS   ,WFC1,CLEAR1L;F814W,8047.9082,10587,BOLTON,2007-03-11T14:28:18.947000,J9EM96SHQ,,
J9EM0KNOQ,SDSSJ1621+3931,245.3874583333,39.52905555556,27,2005-07-28T18:26:37.407000,2005-07-28T18:33:38.453000,420.0,ACS   ,WFC1,CLEAR1L;F435W,4329.2349,10587,BOLTON,2006-07-29T10:21:11.613000,J9EM0KNOQ,,
J9EM0KNPQ,SDSSJ1621+3931,245.3874583333,39.52905555556,27,2005-07-28T18:36:15.390000,2005-07-28T18:43:16.437000,420.0,ACS   ,WFC1,CLEAR1L;F814W,8047.7505,10587,BOLTON,2006-07-29T10:30:58.527000,J9EM0KNPQ,,
J9EM09SJQ,SDSSJ1633-0012,248.4135833333,-0.2155833333333,27,2006-03-11T05:04:32.873000,2006-03-11T05:11:33.887000,420.0,ACS   ,WFC1,CLEAR1L;F814W,8047.9082,10587,BOLTON,2007-03-11T23:52:37.997000,J9EM09SJQ,,
U9OP5901M,SDSSJ1644+2625,251.1653873203,26.41900381532,40,2007-04-04T02:14:16.607000,2007-04-04T02:20:56.607000,400.0,WFPC2 ,WF3,F606W,5997.0,10886,BOLTON,2007-04-04T17:21:09,U9OP5901M,,
U9OP5902M,SDSSJ1644+2625,251.1655216265,26.4191020265,40,2007-04-04T02:26:16.607000,2007-04-04T02:32:56.607000,400.0,WFPC2 ,WF3,F606W,5997.0,10886,BOLTON,2007-04-04T17:21:42,U9OP5902M,,
U9OP5903M,SDSSJ1644+2625,251.1656948699,26.41910842741,40,2007-04-04T03:46:16.607000,2007-04-04T03:52:56.607000,400.0,WFPC2 ,WF3,F606W,5997.0,10886,BOLTON,2007-04-04T17:23:44,U9OP5903M,,
U9OP5904M,SDSSJ1644+2625,251.1655605636,26.41901021639,40,2007-04-04T03:58:16.607000,2007-04-04T04:04:56.607000,400.0,WFPC2 ,WF3,F606W,5997.0,10886,BOLTON,2007-04-04T17:24:45,U9OP5904M,,
J9EM50D2Q,SDSSJ1700+6221,255.05825,62.35261111111,27,2006-02-07T13:28:52.817000,2006-02-07T13:35:53.863000,420.0,ACS   ,WFC1,CLEAR1L;F814W,8047.8862,10587,BOLTON,2007-02-07T19:01:08.770000,J9EM50D2Q,,
J9OP45010,SDSSJ1706+3304,256.5153380005,33.06693626758,40,2007-01-02T04:09:41.280000,2007-01-02T05:52:40.313000,2108.0,ACS   ,WFC1,CLEAR1L;F814W,8045.2344,10886,BOLTON,2007-01-02T16:38:09,J9OP45010,,
U9OP6001M,SDSSJ1709+2324,257.3990945143,23.39639049289,40,2007-04-16T01:46:16.623000,2007-04-16T01:52:56.623000,400.0,WFPC2 ,WF3,F606W,5997.0,10886,BOLTON,2007-04-16T15:13:01,U9OP6001M,,
U9OP6002M,SDSSJ1709+2324,257.3992144046,23.39650006223,40,2007-04-16T01:58:16.627000,2007-04-16T02:04:56.627000,400.0,WFPC2 ,WF3,F606W,5997.0,10886,BOLTON,2007-04-16T15:14:32,U9OP6002M,,
U9OP6003M,SDSSJ1709+2324,257.399381948,23.39652169787,40,2007-04-16T02:10:16.623000,2007-04-16T02:16:56.623000,400.0,WFPC2 ,WF3,F606W,5997.0,10886,BOLTON,2007-04-16T15:15:34,U9OP6003M,,
U9OP6004M,SDSSJ1709+2324,257.3992620576,23.39641212866,40,2007-04-16T03:24:16.627000,2007-04-16T03:30:56.627000,400.0,WFPC2 ,WF3,F606W,5997.0,10886,BOLTON,2007-04-16T15:18:11,U9OP6004M,,
J9EM42HNQ,SDSSJ1717+5739,259.3464166667,57.66333333333,27,2006-05-02T07:40:11.920000,2006-05-02T07:47:12.967000,420.0,ACS   ,WFC1,CLEAR1L;F814W,8047.9448,10587,BOLTON,2007-05-02T18:28:55.753000,J9EM42HNQ,,
U9OP6101M,SDSSJ1719+2939,259.876768829,29.65735020208,40,2007-04-08T22:34:16.613000,2007-04-08T22:40:56.613000,400.0,WFPC2 ,WF3,F606W,5997.0,10886,BOLTON,2007-04-09T15:52:05,U9OP6101M,,
U9OP6102M,SDSSJ1719+2939,259.8769380423,29.65740010217,40,2007-04-08T22:46:16.613000,2007-04-08T22:52:56.613000,400.0,WFPC2 ,WF3,F606W,5997.0,10886,BOLTON,2007-04-09T15:52:16,U9OP6102M,,
U9OP6103M,SDSSJ1719+2939,259.8771078664,29.6573517942,40,2007-04-08T22:58:16.613000,2007-04-08T23:04:56.613000,400.0,WFPC2 ,WF3,F606W,5997.0,10886,BOLTON,2007-04-09T15:52:25,U9OP6103M,,
U9OP6104M,SDSSJ1719+2939,259.876938653,29.65730189433,40,2007-04-08T23:10:16.613000,2007-04-08T23:16:56.613000,400.0,WFPC2 ,WF3,F606W,5997.0,10886,BOLTON,2007-04-09T15:52:35,U9OP6104M,,
J9EM0ACNQ,SDSSJ2111-0038,317.8011666667,-0.6407222222222,27,2005-07-25T10:20:00.380000,2005-07-25T10:27:01.430000,420.0,ACS   ,WFC1,CLEAR1L;F435W,4329.2344,10587,BOLTON,2006-07-25T15:40:21.527000,J9EM0ACNQ,,
J9EM0ACOQ,SDSSJ2111-0038,317.8011666667,-0.6407222222222,27,2005-07-25T10:29:38.397000,2005-07-25T10:36:39.447000,420.0,ACS   ,WFC1,CLEAR1L;F814W,8047.748,10587,BOLTON,2006-07-25T16:42:06.270000,J9EM0ACOQ,,
J9EM92GBQ,SDSSJ2119-0742,319.956875,-7.700472222222,27,2006-04-14T08:01:02.887000,2006-04-14T08:08:03.937000,420.0,ACS   ,WFC1,CLEAR1L;F814W,8047.9321,10587,BOLTON,2007-04-14T12:27:39.473000,J9EM92GBQ,,
J9EM74N1Q,SDSSJ2121+1203,320.463,12.05358333333,27,2006-04-16T07:26:52.903000,2006-04-16T07:33:53.953000,420.0,ACS   ,WFC1,CLEAR1L;F814W,8047.9336,10587,BOLTON,2007-04-16T18:18:14.067000,J9EM74N1Q,,
J9EM69B6Q,SDSSJ2141-0001,325.4778333333,-0.02008333333333,27,2006-06-12T06:26:22.967000,2006-06-12T06:33:24.013000,420.0,ACS   ,WFC1,CLEAR1L;F814W,8047.9731,10587,BOLTON,2007-06-12T14:53:47.887000,J9EM69B6Q,,
J9EM39LVQ,SDSSJ2209-0754,332.4872083333,-7.913305555556,27,2006-06-18T07:58:38.017000,2006-06-18T08:05:39.067000,420.0,ACS   ,WFC1,CLEAR1L;F814W,8047.9775,10587,BOLTON,2007-06-18T14:19:48.137000,J9EM39LVQ,,
J9OP48010,SDSSJ2225+1259,336.4055969855,12.99929914757,40,2006-08-23T16:21:31.963000,2006-08-23T17:04:16.923000,2096.0,ACS   ,WFC1,CLEAR1L;F814W,8045.1416,10886,BOLTON,2006-08-24T20:12:20,J9OP48010,,
J9EM26ZUQ,SDSSJ2241+1228,340.482125,12.47052777778,27,2006-07-30T23:24:57.070000,2006-07-30T23:31:58.087000,420.0,ACS   ,WFC1,CLEAR1L;F814W,8045.125,10587,BOLTON,2007-07-31T04:02:04.630000,J9EM26ZUQ,,
J9EM20F4Q,SDSSJ2302-0840,345.5840833333,-8.680388888889,27,2006-06-16T08:04:23.010000,2006-06-16T08:11:24.057000,420.0,ACS   ,WFC1,CLEAR1L;F814W,8047.9761,10587,BOLTON,2007-06-16T17:12:45.097000,J9EM20F4Q,,
J9OP49010,SDSSJ2341+0000,355.2981890207,0.00516325727213,40,2006-08-24T16:21:51.093000,2006-08-24T17:04:28.140000,2088.0,ACS   ,WFC1,CLEAR1L;F814W,8045.1426,10886,BOLTON,2006-08-25T10:03:48,J9OP49010,,
J9OP50010,SDSSJ2343-0030,355.9952916381,-0.5062589048626,40,2006-09-09T12:55:07.137000,2006-09-09T13:03:50.183000,0.0,ACS   ,WFC1,CLEAR1L;F814W,8045.1538,10886,BOLTON,2006-09-12T01:30:43,J9OP50010,,
U9OP6201M,SDSSJ2343-0030-COPY,355.9819293262,-0.5083205125809,40,2007-06-21T11:42:16.860000,2007-06-21T11:48:56.860000,400.0,WFPC2 ,WF3,F606W,5997.0,10886,BOLTON,2007-06-22T05:30:35,U9OP6201M,,
U9OP6202M,SDSSJ2343-0030-COPY,355.9820667713,-0.5082482423786,40,2007-06-21T11:54:16.860000,2007-06-21T12:00:56.860000,400.0,WFPC2 ,WF3,F606W,5997.0,10886,BOLTON,2007-06-22T05:30:40,U9OP6202M,,
U9OP6203M,SDSSJ2343-0030-COPY,355.9822200913,-0.5082728900376,40,2007-06-21T13:16:16.860000,2007-06-21T13:22:56.860000,400.0,WFPC2 ,WF3,F606W,5997.0,10886,BOLTON,2007-06-22T05:31:08,U9OP6203M,,
U9OP6204M,SDSSJ2343-0030-COPY,355.9820826461,-0.5083451602431,40,2007-06-21T13:28:16.860000,2007-06-21T13:34:56.860000,400.0,WFPC2 ,WF3,F606W,5997.0,10886,BOLTON,2007-06-22T05:31:38,U9OP6204M,,
